-- Database Data Export for Hostinger
-- Exported: 2026-01-18 16:48:06
-- This file contains only INSERT statements (no table structures)
-- Make sure tables already exist before importing this data

SET FOREIGN_KEY_CHECKS=0;
SET SQL_MODE='NO_AUTO_VALUE_ON_ZERO';

-- =====================================================
-- Data for table: activity_log
-- =====================================================

INSERT IGNORE INTO `activity_log` (`id`, `organisation_id`, `user_id`, `target_user_id`, `action`, `details`, `ip_address`, `user_agent`, `created_at`) VALUES ('182f5fcc-dcb6-4303-b9b4-4361e9ffcd7b', NULL, '86124243-4852-4151-9d2c-adc7d2c53ada', NULL, 'admin.organisation.created', '{"name": "Test Org", "slug": "test-org", "organisation_id": "8de83533-575c-4136-a636-8a16edabf912", "super_admin_action": true}', '::1', 'Mozilla/5.0 (Macintosh; Intel Mac OS X 10_15_7) AppleWebKit/537.36 (KHTML, like Gecko) Chrome/143.0.0.0 Safari/537.36', '2026-01-14 17:51:22');
INSERT IGNORE INTO `activity_log` (`id`, `organisation_id`, `user_id`, `target_user_id`, `action`, `details`, `ip_address`, `user_agent`, `created_at`) VALUES ('3feec6d9-e101-4fd8-9430-d5eae087b761', NULL, '86124243-4852-4151-9d2c-adc7d2c53ada', 'cdc1fda4-9801-4af9-811d-705a756aef05', 'admin.member_added', '{"role": "admin", "email": "max@health.com", "organisation_id": "8de83533-575c-4136-a636-8a16edabf912", "super_admin_action": true}', '::1', 'Mozilla/5.0 (Macintosh; Intel Mac OS X 10_15_7) AppleWebKit/537.36 (KHTML, like Gecko) Chrome/143.0.0.0 Safari/537.36', '2026-01-14 17:58:58');
INSERT IGNORE INTO `activity_log` (`id`, `organisation_id`, `user_id`, `target_user_id`, `action`, `details`, `ip_address`, `user_agent`, `created_at`) VALUES ('6018115c-a1d9-45a2-89f4-6b9026c2b695', '8de83533-575c-4136-a636-8a16edabf912', 'cdc1fda4-9801-4af9-811d-705a756aef05', NULL, 'organisation.settings_updated', '{"type": "general"}', '::1', 'Mozilla/5.0 (Macintosh; Intel Mac OS X 10.15; rv:146.0) Gecko/20100101 Firefox/146.0', '2026-01-15 03:13:45');
INSERT IGNORE INTO `activity_log` (`id`, `organisation_id`, `user_id`, `target_user_id`, `action`, `details`, `ip_address`, `user_agent`, `created_at`) VALUES ('7a3ed347-3831-4eb8-b2a4-58f20c71dc5b', '8de83533-575c-4136-a636-8a16edabf912', 'cdc1fda4-9801-4af9-811d-705a756aef05', NULL, 'organisation.ai_settings_updated', NULL, '::1', 'Mozilla/5.0 (Macintosh; Intel Mac OS X 10_15_7) AppleWebKit/537.36 (KHTML, like Gecko) Chrome/143.0.0.0 Safari/537.36', '2026-01-18 15:59:34');
INSERT IGNORE INTO `activity_log` (`id`, `organisation_id`, `user_id`, `target_user_id`, `action`, `details`, `ip_address`, `user_agent`, `created_at`) VALUES ('c742a0f5-beb8-4518-b159-25799ef192a5', '8de83533-575c-4136-a636-8a16edabf912', 'cdc1fda4-9801-4af9-811d-705a756aef05', NULL, 'candidate.invited', '{"email": "wellis321@msn.com", "invitation_id": "944da3fd-9e3e-4a3d-8427-70bde69fbd48"}', '::1', 'Mozilla/5.0 (Macintosh; Intel Mac OS X 10_15_7) AppleWebKit/537.36 (KHTML, like Gecko) Chrome/143.0.0.0 Safari/537.36', '2026-01-14 18:07:34');

-- =====================================================
-- Data for table: candidate_invitations
-- =====================================================

INSERT IGNORE INTO `candidate_invitations` (`id`, `organisation_id`, `email`, `full_name`, `invited_by`, `assigned_recruiter`, `token`, `message`, `expires_at`, `accepted_at`, `accepted_by`, `created_at`) VALUES ('944da3fd-9e3e-4a3d-8427-70bde69fbd48', '8de83533-575c-4136-a636-8a16edabf912', 'wellis321@msn.com', 'William Ellis', 'cdc1fda4-9801-4af9-811d-705a756aef05', 'cdc1fda4-9801-4af9-811d-705a756aef05', '77b4c1de1ab0c6eefc07fd8b30402807a2160e299079512c235edf203326f0a8', '', '2026-01-21 18:07:34', NULL, NULL, '2026-01-14 18:07:34');

-- =====================================================
-- Data for table: certifications
-- =====================================================

INSERT IGNORE INTO `certifications` (`id`, `profile_id`, `name`, `issuer`, `date_obtained`, `expiry_date`, `created_at`, `updated_at`) VALUES ('2064e0eb-7657-4c7e-b989-b4fc6c55625b', 'ab69b123-3e6a-41e4-b078-ba2e64ae113b', 'Google Analytics Certified', 'Google', '2020-05-15', NULL, '2026-01-17 01:10:41', '2026-01-17 01:10:41');
INSERT IGNORE INTO `certifications` (`id`, `profile_id`, `name`, `issuer`, `date_obtained`, `expiry_date`, `created_at`, `updated_at`) VALUES ('26efa40a-ebe2-44c7-9908-b51577836159', '80b7c3eb-fdc5-4cd7-95cb-dc975e0095dd', 'Google Analytics 4 Certification', 'Google', '2024-01-01', NULL, '2026-01-15 01:40:00', '2026-01-15 01:40:00');
INSERT IGNORE INTO `certifications` (`id`, `profile_id`, `name`, `issuer`, `date_obtained`, `expiry_date`, `created_at`, `updated_at`) VALUES ('6200d008-0ced-4a19-b9f1-1f7bc55b369c', 'e8e10ee9-04f2-42f6-81b7-90dbae66f78b', 'Google UX Design Certificate', 'Google', '2021-03-10', NULL, '2026-01-17 01:10:41', '2026-01-17 01:10:41');
INSERT IGNORE INTO `certifications` (`id`, `profile_id`, `name`, `issuer`, `date_obtained`, `expiry_date`, `created_at`, `updated_at`) VALUES ('7e62e46f-722d-4db9-9713-ab46ae5fe40f', '55ef9605-ed0a-48f4-8cfc-ab6ac350e612', 'Scrum Master Certification', 'Scrum Alliance', '2019-08-15', NULL, '2026-01-17 01:10:41', '2026-01-17 01:10:41');
INSERT IGNORE INTO `certifications` (`id`, `profile_id`, `name`, `issuer`, `date_obtained`, `expiry_date`, `created_at`, `updated_at`) VALUES ('87415684-5941-4312-8e10-ae71814c49e0', 'ab69b123-3e6a-41e4-b078-ba2e64ae113b', 'HubSpot Content Marketing', 'HubSpot', '2019-03-10', NULL, '2026-01-17 01:10:41', '2026-01-17 01:10:41');
INSERT IGNORE INTO `certifications` (`id`, `profile_id`, `name`, `issuer`, `date_obtained`, `expiry_date`, `created_at`, `updated_at`) VALUES ('9e957a69-a05d-4f9b-aa49-a42dd6b04ea7', '55ef9605-ed0a-48f4-8cfc-ab6ac350e612', 'AWS Certified Solutions Architect', 'Amazon Web Services', '2020-11-20', NULL, '2026-01-17 01:10:41', '2026-01-17 01:10:41');
INSERT IGNORE INTO `certifications` (`id`, `profile_id`, `name`, `issuer`, `date_obtained`, `expiry_date`, `created_at`, `updated_at`) VALUES ('d46df585-dbe5-4d2e-a5c2-87d7d540067e', 'e8e10ee9-04f2-42f6-81b7-90dbae66f78b', 'Figma Design Mastery', 'Figma Academy', '2020-09-15', NULL, '2026-01-17 01:10:41', '2026-01-17 01:10:41');

-- =====================================================
-- Data for table: cv_quality_assessments
-- =====================================================

INSERT IGNORE INTO `cv_quality_assessments` (`id`, `user_id`, `cv_variant_id`, `overall_score`, `ats_score`, `content_score`, `formatting_score`, `keyword_match_score`, `recommendations`, `enhanced_recommendations`, `strengths`, `weaknesses`, `created_at`) VALUES ('1947e54b-bacc-43c1-941c-d965a50be0d4', '80b7c3eb-fdc5-4cd7-95cb-dc975e0095dd', '9ac72734-eb11-4371-b1d6-2a3548c04d67', 88, 85, 92, 80, NULL, '["Add specific numbers and percentages to quantify achievements in the professional summary", "Include education and relevant certifications to provide a more comprehensive view", "Consider adding a separate section for skills or qualifications to supplement work experience"]', NULL, '["Clear and concise professional summary", "Relevant work experience highlighted", "Use of specific metrics and results in job descriptions"]', '["Lack of quantifiable achievements in the professional summary", "No mention of education or relevant certifications", "Job titles not consistently formatted"]', '2026-01-15 17:22:17');
INSERT IGNORE INTO `cv_quality_assessments` (`id`, `user_id`, `cv_variant_id`, `overall_score`, `ats_score`, `content_score`, `formatting_score`, `keyword_match_score`, `recommendations`, `enhanced_recommendations`, `strengths`, `weaknesses`, `created_at`) VALUES ('3050246c-764a-464f-b3e4-6609dc4556ee', '80b7c3eb-fdc5-4cd7-95cb-dc975e0095dd', '9ac72734-eb11-4371-b1d6-2a3548c04d67', 85, 80, 90, 75, NULL, '["...", "..."]', '[{"issue": "Lack of quantifiable achievements in professional summary", "examples": ["Increased sales by 25% over 2 years", "Managed team of 10 people", "Reduced costs by $50,000 annually"], "can_apply": true, "suggestion": "Add specific numbers and percentages to quantify achievements", "improvement_type": "professional_summary", "ai_generated_improvement": "Experienced marketing professional with 12 years of expertise in digital marketing and team leadership. Successfully increased brand awareness by 30% through targeted campaigns and reduced customer acquisition costs by 20%. Managed comprehensive marketing strategies for a growing B2B SaaS company."}, {"issue": "No mention of education or certifications", "examples": ["Add degree, institution, graduation year", "List relevant professional certifications", "Include ongoing education or training"], "can_apply": false, "suggestion": "Include education and relevant certifications", "improvement_type": "guidance_only", "ai_generated_improvement": null}, {"issue": "Inconsistent formatting", "examples": ["Use a standard font", "Use consistent spacing between bullet points"], "can_apply": false, "suggestion": "Use consistent formatting throughout the CV, with clear headings and bullet points", "improvement_type": "guidance_only", "ai_generated_improvement": null}, {"issue": "6-year gap in employment history that needs to be addressed", "examples": ["Add explanation for 6-month gap between X and Y", "Consider adding a brief note about career break/travel/education during this period"], "can_apply": false, "suggestion": "Add explanation for the gap, such as career break or travel", "improvement_type": "guidance_only", "ai_generated_improvement": null}]', '["Effective professional summary", "Good work experience descriptions"]', '["Gaps in employment history", "Missing dates in work experience entries", "Inconsistent formatting"]', '2026-01-15 20:17:30');
INSERT IGNORE INTO `cv_quality_assessments` (`id`, `user_id`, `cv_variant_id`, `overall_score`, `ats_score`, `content_score`, `formatting_score`, `keyword_match_score`, `recommendations`, `enhanced_recommendations`, `strengths`, `weaknesses`, `created_at`) VALUES ('73678c00-7614-40d9-8609-a1d50f40a7ab', '80b7c3eb-fdc5-4cd7-95cb-dc975e0095dd', NULL, 87, 85, 92, 80, NULL, '["Add specific numbers and metrics to demonstrate the impact of marketing efforts", "Include education and relevant certifications to provide a more comprehensive view", "Use more descriptive language for job titles and company names to make them stand out", "Consider adding a section on skills or qualifications to further highlight expertise"]', NULL, '["Clear and concise professional summary", "Relevant work experience with specific responsibilities", "Good balance of technical and creative skills"]', '["Lack of quantifiable results or metrics in the work experience section", "No mention of education or relevant certifications", "Somewhat generic job titles and company names"]', '2026-01-15 17:10:13');
INSERT IGNORE INTO `cv_quality_assessments` (`id`, `user_id`, `cv_variant_id`, `overall_score`, `ats_score`, `content_score`, `formatting_score`, `keyword_match_score`, `recommendations`, `enhanced_recommendations`, `strengths`, `weaknesses`, `created_at`) VALUES ('8eba8014-791e-421b-bc28-aa7c1179482f', '80b7c3eb-fdc5-4cd7-95cb-dc975e0095dd', '9ac72734-eb11-4371-b1d6-2a3548c04d67', 85, 80, 90, 75, NULL, '["...", "..."]', '[{"issue": "Lack of quantifiable achievements in professional summary", "examples": ["Increased sales by 25% over 2 years", "Managed team of 10 people", "Reduced costs by $50,000 annually"], "can_apply": true, "suggestion": "Add specific numbers and percentages to quantify achievements", "improvement_type": "professional_summary", "ai_generated_improvement": "[Improved professional summary text based on actual CV content]"}, {"issue": "No mention of education or certifications", "examples": ["Add degree, institution, graduation year", "List relevant professional certifications", "Include ongoing education or training"], "can_apply": false, "suggestion": "Include education and relevant certifications", "improvement_type": "guidance_only", "ai_generated_improvement": null}]', '["Clear professional summary", "Concise work experience descriptions", "Relevant skills listed"]', '["Lack of quantifiable achievements in professional summary", "No mention of education or certifications", "Some sections could be improved for ATS compatibility and readability"]', '2026-01-15 20:04:59');
INSERT IGNORE INTO `cv_quality_assessments` (`id`, `user_id`, `cv_variant_id`, `overall_score`, `ats_score`, `content_score`, `formatting_score`, `keyword_match_score`, `recommendations`, `enhanced_recommendations`, `strengths`, `weaknesses`, `created_at`) VALUES ('94fea31a-dd3b-4146-a10c-398dd842a700', '80b7c3eb-fdc5-4cd7-95cb-dc975e0095dd', '9ac72734-eb11-4371-b1d6-2a3548c04d67', 87, 85, 92, 78, NULL, '["...", "..."]', '[{"issue": "Lack of quantifiable achievements in professional summary", "examples": ["Increased sales by 25% over 2 years", "Managed team of 10 people", "Reduced costs by $50,000 annually"], "can_apply": true, "suggestion": "Add specific numbers and percentages to quantify achievements", "improvement_type": "professional_summary", "ai_generated_improvement": "For over 12 years, I have driven marketing strategies that consistently deliver results. Notable achievements include increasing brand awareness by 30% through targeted campaigns and reducing customer acquisition costs by 20%. My expertise spans digital marketing strategy, brand development, content creation, and data-driven campaign management."}, {"issue": "No mention of education or certifications", "examples": ["Add degree, institution, graduation year", "List relevant professional certifications", "Include ongoing education or training"], "can_apply": false, "suggestion": "Include education and relevant certifications", "improvement_type": "guidance_only", "ai_generated_improvement": null}, {"issue": "Work experience descriptions are too general", "examples": ["Led comprehensive marketing strategy for a growing B2B SaaS company, resulting in 15% increase in sales", "Managed brand positioning, digital campaigns, and customer acquisition across UK and European markets, with a focus on ROI"], "can_apply": true, "suggestion": "Add specific metrics and achievements to work experience descriptions", "improvement_type": "work_experience", "ai_generated_improvement": null}]', '["Strong professional summary", "Relevant work experience in marketing and communications"]', '["Lack of quantifiable achievements in professional summary", "No mention of education or certifications"]', '2026-01-15 19:59:05');
INSERT IGNORE INTO `cv_quality_assessments` (`id`, `user_id`, `cv_variant_id`, `overall_score`, `ats_score`, `content_score`, `formatting_score`, `keyword_match_score`, `recommendations`, `enhanced_recommendations`, `strengths`, `weaknesses`, `created_at`) VALUES ('ad58eb86-5d00-45d3-9e73-ea7733847fb7', '80b7c3eb-fdc5-4cd7-95cb-dc975e0095dd', NULL, 87, 85, 92, 80, NULL, '["Add specific numbers to quantify achievements (e.g., \'Increased brand awareness by 25%\' instead of \'Driving engagement\')", "Consider adding a separate section for education and certifications", "Expand on work experience with more details about projects, initiatives, or challenges overcome"]', NULL, '["Clear and concise professional summary", "Relevant work experience with specific achievements", "Good use of action verbs like \'Led\' and \'Managed\'"]', '["Lack of quantifiable metrics in the professional summary", "No mention of education or certifications", "Work experience section could be more detailed"]', '2026-01-15 17:07:07');
INSERT IGNORE INTO `cv_quality_assessments` (`id`, `user_id`, `cv_variant_id`, `overall_score`, `ats_score`, `content_score`, `formatting_score`, `keyword_match_score`, `recommendations`, `enhanced_recommendations`, `strengths`, `weaknesses`, `created_at`) VALUES ('c80e1fea-08aa-4ce0-8cca-f3136c5f0ac1', '80b7c3eb-fdc5-4cd7-95cb-dc975e0095dd', NULL, 87, 85, 92, 80, NULL, '["Add specific numbers and metrics to quantify achievements in the work experience section", "Highlight specific skills or tools used in the work experience section", "Consider adding a separate \'Skills\' or \'Tools\' section to complement the work experience", "Break up long sentences into shorter, more concise ones"]', NULL, '["Clear and concise professional summary", "Relevant work experience highlighted", "Use of specific numbers and metrics (e.g. \'over 12 years\')", "Good balance between strategic vision and hands-on execution"]', '["Lack of quantifiable results or achievements in the work experience section", "No mention of specific skills or tools used", "Some sentences could be rephrased for better clarity"]', '2026-01-15 17:06:02');
INSERT IGNORE INTO `cv_quality_assessments` (`id`, `user_id`, `cv_variant_id`, `overall_score`, `ats_score`, `content_score`, `formatting_score`, `keyword_match_score`, `recommendations`, `enhanced_recommendations`, `strengths`, `weaknesses`, `created_at`) VALUES ('d8e9bef9-6755-493e-9f99-2aa48fe16952', 'ab69b123-3e6a-41e4-b078-ba2e64ae113b', '041e4f03-9112-4fdc-9128-627d5b98d9db', 92, 95, 98, 88, NULL, '["Add specific numbers and percentages to quantify achievements in professional summary"]', '[{"issue": "Lack of quantifiable achievements in professional summary", "examples": ["Increased sales by 25% over 2 years", "Managed team of 10 people", "Reduced costs by $50,000 annually"], "can_apply": true, "suggestion": "Add specific numbers and percentages to quantify achievements", "improvement_type": "professional_summary", "ai_generated_improvement": "Experienced marketing professional with 8 years of expertise in digital marketing and team leadership. Successfully increased sales revenue by 25% over 2 years through strategic campaign development. Managed a team of 10 marketing specialists and reduced operational costs by $50,000 annually through process optimization."}, {"issue": "Missing dates for work experience entries", "examples": ["2020-03 to Present", "2017-06 to 2020-02"], "can_apply": true, "suggestion": "Add start and end dates to work experience descriptions", "improvement_type": "formatting", "ai_generated_improvement": null}]', '["Professional summary highlights achievements", "Work experience descriptions provide specific responsibilities"]', '["No quantifiable achievements in professional summary", "Missing dates for work experience entries"]', '2026-01-17 02:18:09');
INSERT IGNORE INTO `cv_quality_assessments` (`id`, `user_id`, `cv_variant_id`, `overall_score`, `ats_score`, `content_score`, `formatting_score`, `keyword_match_score`, `recommendations`, `enhanced_recommendations`, `strengths`, `weaknesses`, `created_at`) VALUES ('dd3f90a8-33f8-4f95-9351-2acd6906af7c', '80b7c3eb-fdc5-4cd7-95cb-dc975e0095dd', '9ac72734-eb11-4371-b1d6-2a3548c04d67', 85, 80, 90, 75, NULL, '["...", "..."]', '[{"issue": "Lack of quantifiable achievements in professional summary", "examples": ["Increased sales by 25% over 2 years", "Managed team of 10 people", "Reduced costs by $50,000 annually"], "can_apply": true, "suggestion": "Add specific numbers and percentages to quantify achievements", "improvement_type": "professional_summary", "ai_generated_improvement": "Experienced marketing professional with 12 years of expertise in digital marketing and team leadership. Successfully increased brand awareness by 30% through targeted campaigns and reduced customer acquisition costs by 20%. Managed comprehensive marketing strategies for a growing B2B SaaS company, resulting in consistent delivery of results."}, {"issue": "Gaps in employment history (12-month gap from 2019-2020)", "examples": ["Took a 6-month sabbatical to focus on personal projects", "Traveled abroad and took a 3-month break"], "can_apply": false, "suggestion": "Add explanation for the gap or consider adding a brief note about career break/travel/education during this period", "improvement_type": "guidance_only", "ai_generated_improvement": null}, {"issue": "Missing start or end dates for some work experience entries", "examples": ["January 2018 - June 2020", "July 2015 - December 2017"], "can_apply": true, "suggestion": "Add the missing dates to provide a clear timeline of employment history", "improvement_type": "formatting", "ai_generated_improvement": null}]', '["Consistent formatting", "..."]', '["Lack of quantifiable achievements in professional summary", "Gaps in employment history", "Missing start or end dates for some work experience entries"]', '2026-01-15 20:20:58');
INSERT IGNORE INTO `cv_quality_assessments` (`id`, `user_id`, `cv_variant_id`, `overall_score`, `ats_score`, `content_score`, `formatting_score`, `keyword_match_score`, `recommendations`, `enhanced_recommendations`, `strengths`, `weaknesses`, `created_at`) VALUES ('f89876b8-79b8-4290-99a3-3486b4686a44', 'ab69b123-3e6a-41e4-b078-ba2e64ae113b', 'ee17a059-cac2-4799-a7d5-f7bc79c74914', 92, 95, 98, 88, NULL, '["Add specific numbers and percentages to quantify achievements", "Include education and relevant certifications"]', '[{"issue": "Lack of quantifiable achievements in professional summary", "examples": ["Increased sales by 25% over 2 years", "Managed team of 10 people", "Reduced costs by $50,000 annually"], "can_apply": true, "suggestion": "Add specific numbers and percentages to quantify achievements", "improvement_type": "professional_summary", "ai_generated_improvement": "Experienced marketing professional with 8 years of expertise in digital marketing and team leadership. Successfully increased sales revenue by 25% over 2 years through strategic campaign development. Managed a team of 10 marketing specialists and reduced operational costs by $50,000 annually through process optimisation."}, {"issue": "No mention of education or certifications", "examples": ["Add degree, institution, graduation year", "List relevant professional certifications", "Include ongoing education or training"], "can_apply": false, "suggestion": "Include education and relevant certifications", "improvement_type": "guidance_only", "ai_generated_improvement": null}, {"issue": "Missing dates in work experience", "examples": ["2020-03 to 2022-02", "2017-06 to 2020-02"], "can_apply": true, "suggestion": "Add start and end dates to work experience entries", "improvement_type": "formatting", "ai_generated_improvement": null}]', '["Results-driven Head of Marketing", "Strategic campaigns", "Data-driven insights"]', '["Lack of quantifiable achievements in professional summary", "No mention of education or certifications"]', '2026-01-18 00:17:41');
INSERT IGNORE INTO `cv_quality_assessments` (`id`, `user_id`, `cv_variant_id`, `overall_score`, `ats_score`, `content_score`, `formatting_score`, `keyword_match_score`, `recommendations`, `enhanced_recommendations`, `strengths`, `weaknesses`, `created_at`) VALUES ('fb6819c7-3761-42a8-ae10-a57d7d8aacb8', '80b7c3eb-fdc5-4cd7-95cb-dc975e0095dd', '9ac72734-eb11-4371-b1d6-2a3548c04d67', 85, 80, 90, 75, NULL, '["Add quantifiable achievements to professional summary", "Include education and relevant certifications"]', '[{"issue": "Lack of quantifiable achievements in professional summary", "examples": ["Increased sales by 25% over 2 years", "Managed team of 10 people", "Reduced costs by $50,000 annually"], "can_apply": true, "suggestion": "Add specific numbers and percentages to quantify achievements", "improvement_type": "professional_summary", "ai_generated_improvement": "Experienced marketing professional with 12 years of expertise in digital marketing and team leadership. Successfully increased brand awareness by 30% through targeted campaigns and reduced customer acquisition costs by 20%. Managed comprehensive marketing strategies for a growing B2B SaaS company, resulting in consistent delivery of results."}, {"issue": "Gaps in employment history not addressed", "examples": ["Consider adding a brief note about career break/travel/education during this period", "Add explanation for 6-month gap between X and Y"], "can_apply": false, "suggestion": "Add explanation for gaps between jobs or periods with no employment listed", "improvement_type": "employment_gaps", "ai_generated_improvement": null}, {"issue": "Missing dates for work experience entries", "examples": ["Senior Marketing Manager at TechForward Ltd (2020-03 to Present)", "Marketing Manager at XYZ Inc. (2018-02 to 2020-01)"], "can_apply": true, "suggestion": "Add start and end dates to work experience descriptions", "improvement_type": "work_experience", "ai_generated_improvement": null}]', '["Professional summary highlights achievements", "Work experience descriptions are clear and concise"]', '["Gaps in employment history not addressed", "Missing dates for work experience entries"]', '2026-01-17 16:52:19');

-- =====================================================
-- Data for table: cv_variant_certifications
-- =====================================================

INSERT IGNORE INTO `cv_variant_certifications` (`id`, `cv_variant_id`, `original_certification_id`, `name`, `issuer`, `date_obtained`, `expiry_date`, `created_at`, `updated_at`) VALUES ('0b989f3c-2ec6-499d-8a0e-f1355e2202be', '041e4f03-9112-4fdc-9128-627d5b98d9db', '87415684-5941-4312-8e10-ae71814c49e0', 'HubSpot Content Marketing', 'HubSpot', '2019-03-10', NULL, '2026-01-17 01:10:41', '2026-01-17 02:22:01');
INSERT IGNORE INTO `cv_variant_certifications` (`id`, `cv_variant_id`, `original_certification_id`, `name`, `issuer`, `date_obtained`, `expiry_date`, `created_at`, `updated_at`) VALUES ('20126b40-3fba-487e-9a34-808d0a6bb605', '0e716ccd-bfac-47f2-9a8c-5f32ef35ed00', 'd46df585-dbe5-4d2e-a5c2-87d7d540067e', 'Figma Design Mastery', 'Figma Academy', '2020-09-15', NULL, '2026-01-17 01:10:41', '2026-01-17 01:10:41');
INSERT IGNORE INTO `cv_variant_certifications` (`id`, `cv_variant_id`, `original_certification_id`, `name`, `issuer`, `date_obtained`, `expiry_date`, `created_at`, `updated_at`) VALUES ('2064e0eb-7657-4c7e-b989-b4fc6c55625b', 'e9736b68-435b-4363-9f38-7c1caad7dd4d', NULL, 'Google Analytics Certified', 'Google', '2020-05-15', NULL, '2026-01-17 02:48:25', '2026-01-17 02:48:25');
INSERT IGNORE INTO `cv_variant_certifications` (`id`, `cv_variant_id`, `original_certification_id`, `name`, `issuer`, `date_obtained`, `expiry_date`, `created_at`, `updated_at`) VALUES ('31513731-4036-43c5-b519-1b9400bba45e', 'f6cc0060-c833-4880-aed6-a9899184afc9', '87415684-5941-4312-8e10-ae71814c49e0', 'HubSpot Content Marketing', 'HubSpot', '2019-03-10', NULL, '2026-01-17 13:38:12', '2026-01-17 13:38:12');
INSERT IGNORE INTO `cv_variant_certifications` (`id`, `cv_variant_id`, `original_certification_id`, `name`, `issuer`, `date_obtained`, `expiry_date`, `created_at`, `updated_at`) VALUES ('342adc61-4494-415c-9b2d-464c1d385436', 'f6cc0060-c833-4880-aed6-a9899184afc9', '2064e0eb-7657-4c7e-b989-b4fc6c55625b', 'Google Analytics Certified', 'Google', '2020-05-15', NULL, '2026-01-17 13:38:12', '2026-01-17 13:38:12');
INSERT IGNORE INTO `cv_variant_certifications` (`id`, `cv_variant_id`, `original_certification_id`, `name`, `issuer`, `date_obtained`, `expiry_date`, `created_at`, `updated_at`) VALUES ('3e803dc3-e29d-43bd-824f-3356e90eb94c', '8f0fb333-b35b-4545-ab63-9d1bdcc26c6d', '9e957a69-a05d-4f9b-aa49-a42dd6b04ea7', 'AWS Certified Solutions Architect', 'Amazon Web Services', '2020-11-20', NULL, '2026-01-17 01:10:41', '2026-01-17 01:10:41');
INSERT IGNORE INTO `cv_variant_certifications` (`id`, `cv_variant_id`, `original_certification_id`, `name`, `issuer`, `date_obtained`, `expiry_date`, `created_at`, `updated_at`) VALUES ('5dece549-43ac-440c-9b77-229c73863090', '0e716ccd-bfac-47f2-9a8c-5f32ef35ed00', '6200d008-0ced-4a19-b9f1-1f7bc55b369c', 'Google UX Design Certificate', 'Google', '2021-03-10', NULL, '2026-01-17 01:10:41', '2026-01-17 01:10:41');
INSERT IGNORE INTO `cv_variant_certifications` (`id`, `cv_variant_id`, `original_certification_id`, `name`, `issuer`, `date_obtained`, `expiry_date`, `created_at`, `updated_at`) VALUES ('7da196fb-0e13-4420-85a2-2e3ed4b2870f', '9ac72734-eb11-4371-b1d6-2a3548c04d67', '26efa40a-ebe2-44c7-9908-b51577836159', 'Google Analytics 4 Certification', 'Google', '2024-01-01', NULL, '2026-01-15 17:21:41', '2026-01-15 20:21:51');
INSERT IGNORE INTO `cv_variant_certifications` (`id`, `cv_variant_id`, `original_certification_id`, `name`, `issuer`, `date_obtained`, `expiry_date`, `created_at`, `updated_at`) VALUES ('87415684-5941-4312-8e10-ae71814c49e0', 'e9736b68-435b-4363-9f38-7c1caad7dd4d', NULL, 'HubSpot Content Marketing', 'HubSpot', '2019-03-10', NULL, '2026-01-17 02:48:25', '2026-01-17 02:48:25');
INSERT IGNORE INTO `cv_variant_certifications` (`id`, `cv_variant_id`, `original_certification_id`, `name`, `issuer`, `date_obtained`, `expiry_date`, `created_at`, `updated_at`) VALUES ('9b8ec984-84a2-4def-929f-26a9efc6c1de', 'ee17a059-cac2-4799-a7d5-f7bc79c74914', '2064e0eb-7657-4c7e-b989-b4fc6c55625b', 'Google Analytics Certified', 'Google', '2020-05-15', NULL, '2026-01-17 13:47:14', '2026-01-17 13:47:14');
INSERT IGNORE INTO `cv_variant_certifications` (`id`, `cv_variant_id`, `original_certification_id`, `name`, `issuer`, `date_obtained`, `expiry_date`, `created_at`, `updated_at`) VALUES ('b635672f-21de-4248-8cf0-135f9a421031', '8f0fb333-b35b-4545-ab63-9d1bdcc26c6d', '7e62e46f-722d-4db9-9713-ab46ae5fe40f', 'Scrum Master Certification', 'Scrum Alliance', '2019-08-15', NULL, '2026-01-17 01:10:41', '2026-01-17 01:10:41');
INSERT IGNORE INTO `cv_variant_certifications` (`id`, `cv_variant_id`, `original_certification_id`, `name`, `issuer`, `date_obtained`, `expiry_date`, `created_at`, `updated_at`) VALUES ('d9f88267-6110-4e4d-a898-6f3ea0da1def', '041e4f03-9112-4fdc-9128-627d5b98d9db', '2064e0eb-7657-4c7e-b989-b4fc6c55625b', 'Google Analytics Certified', 'Google', '2020-05-15', NULL, '2026-01-17 01:10:41', '2026-01-17 02:22:01');
INSERT IGNORE INTO `cv_variant_certifications` (`id`, `cv_variant_id`, `original_certification_id`, `name`, `issuer`, `date_obtained`, `expiry_date`, `created_at`, `updated_at`) VALUES ('ecf415e2-115c-44b6-82ec-c884e66bd38a', 'ee17a059-cac2-4799-a7d5-f7bc79c74914', '87415684-5941-4312-8e10-ae71814c49e0', 'HubSpot Content Marketing', 'HubSpot', '2019-03-10', NULL, '2026-01-17 13:47:14', '2026-01-17 13:47:14');

-- =====================================================
-- Data for table: cv_variant_education
-- =====================================================

INSERT IGNORE INTO `cv_variant_education` (`id`, `cv_variant_id`, `original_education_id`, `institution`, `degree`, `field_of_study`, `start_date`, `end_date`, `created_at`, `updated_at`) VALUES ('2251a58c-5acd-48f6-906a-63d73a746542', '8f0fb333-b35b-4545-ab63-9d1bdcc26c6d', 'b6dd8988-d0d3-4f2f-81b0-aa1825e3a23a', 'University of Edinburgh', 'Bachelor of Science in Computer Science', 'Computer Science', '2011-09-01', '2014-06-30', '2026-01-17 01:10:41', '2026-01-17 01:10:41');
INSERT IGNORE INTO `cv_variant_education` (`id`, `cv_variant_id`, `original_education_id`, `institution`, `degree`, `field_of_study`, `start_date`, `end_date`, `created_at`, `updated_at`) VALUES ('2cd11f3c-30c9-4088-aac7-418bd684ead5', 'ee17a059-cac2-4799-a7d5-f7bc79c74914', '2cff405c-6a23-41aa-b834-d6849f95914d', 'University of Manchester', 'Bachelor of Arts in Marketing', 'Marketing', '2012-09-01', '2016-06-30', '2026-01-17 13:47:14', '2026-01-17 13:47:14');
INSERT IGNORE INTO `cv_variant_education` (`id`, `cv_variant_id`, `original_education_id`, `institution`, `degree`, `field_of_study`, `start_date`, `end_date`, `created_at`, `updated_at`) VALUES ('2cff405c-6a23-41aa-b834-d6849f95914d', 'e9736b68-435b-4363-9f38-7c1caad7dd4d', NULL, 'University of Manchester', 'Bachelor of Arts in Marketing', 'Marketing', '2012-09-01', '2016-06-30', '2026-01-17 02:48:25', '2026-01-17 02:48:25');
INSERT IGNORE INTO `cv_variant_education` (`id`, `cv_variant_id`, `original_education_id`, `institution`, `degree`, `field_of_study`, `start_date`, `end_date`, `created_at`, `updated_at`) VALUES ('952ccb84-a572-444b-87a1-934d3c7c15a1', '0e716ccd-bfac-47f2-9a8c-5f32ef35ed00', '2d5763b8-85b4-4baa-aab8-937afc40a569', 'Birmingham City University', 'Bachelor of Arts in Graphic Design', 'Graphic Design', '2013-09-01', '2016-06-30', '2026-01-17 01:10:41', '2026-01-17 01:10:41');
INSERT IGNORE INTO `cv_variant_education` (`id`, `cv_variant_id`, `original_education_id`, `institution`, `degree`, `field_of_study`, `start_date`, `end_date`, `created_at`, `updated_at`) VALUES ('caf11dc9-3bd9-4355-8138-ed0d8d548fa9', '041e4f03-9112-4fdc-9128-627d5b98d9db', '2cff405c-6a23-41aa-b834-d6849f95914d', 'University of Manchester', 'Bachelor of Arts in Marketing', 'Marketing', '2012-09-01', '2016-06-30', '2026-01-17 01:10:41', '2026-01-17 02:22:01');
INSERT IGNORE INTO `cv_variant_education` (`id`, `cv_variant_id`, `original_education_id`, `institution`, `degree`, `field_of_study`, `start_date`, `end_date`, `created_at`, `updated_at`) VALUES ('dc9c93d9-da96-401d-9a68-d807e920b9df', 'f6cc0060-c833-4880-aed6-a9899184afc9', '2cff405c-6a23-41aa-b834-d6849f95914d', 'University of Manchester', 'Bachelor of Arts in Marketing', 'Marketing', '2012-09-01', '2016-06-30', '2026-01-17 13:38:12', '2026-01-17 13:38:12');

-- =====================================================
-- Data for table: cv_variant_interests
-- =====================================================

INSERT IGNORE INTO `cv_variant_interests` (`id`, `cv_variant_id`, `original_interest_id`, `name`, `description`, `created_at`, `updated_at`) VALUES ('1fec4753-4fb7-40e8-99cb-7f52c577fa2f', '9ac72734-eb11-4371-b1d6-2a3548c04d67', 'd8d44937-8a1d-4dff-8f19-10561d5c3d07', 'Trail Running', 'I enjoy exploring Scotland&amp;amp;#039;s trails and hills, regularly participating in 10K-25K trail races. Running helps me clear my mind and approach challenges with fresh perspective.', '2026-01-15 20:21:51', '2026-01-15 20:21:51');
INSERT IGNORE INTO `cv_variant_interests` (`id`, `cv_variant_id`, `original_interest_id`, `name`, `description`, `created_at`, `updated_at`) VALUES ('be1a81a6-664c-48ec-9b3e-206f5e67661c', '9ac72734-eb11-4371-b1d6-2a3548c04d67', 'd5a12632-b8e4-49ac-9fd3-edc088a714c6', 'Photography', 'I&amp;amp;#039;m passionate about street photography and documenting everyday moments in Edinburgh. I regularly share my work on Instagram and have had several photos featured in local exhibitions.', '2026-01-15 20:21:51', '2026-01-15 20:21:51');

-- =====================================================
-- Data for table: cv_variant_memberships
-- =====================================================

INSERT IGNORE INTO `cv_variant_memberships` (`id`, `cv_variant_id`, `original_membership_id`, `organisation`, `role`, `start_date`, `end_date`, `created_at`, `updated_at`) VALUES ('f45a9d02-ccc3-491f-96de-27b84b59fe28', '9ac72734-eb11-4371-b1d6-2a3548c04d67', '415284f5-3b2a-4c48-9062-24a20b62715f', 'Chartered Institute of Marketing (CIM)', 'Member', '2019-09-01', NULL, '2026-01-15 17:21:41', '2026-01-15 20:21:51');

-- =====================================================
-- Data for table: cv_variant_professional_summary
-- =====================================================

INSERT IGNORE INTO `cv_variant_professional_summary` (`id`, `cv_variant_id`, `description`, `created_at`, `updated_at`) VALUES ('80530d45-d24e-4fc0-b8ab-3934c00cacb9', 'ee17a059-cac2-4799-a7d5-f7bc79c74914', 'Results-driven Head of Marketing with over 8 years of experience in B2B SaaS marketing, driving growth through strategic campaigns, brand development, and data-driven insights.', '2026-01-17 13:47:14', '2026-01-17 13:47:14');
INSERT IGNORE INTO `cv_variant_professional_summary` (`id`, `cv_variant_id`, `description`, `created_at`, `updated_at`) VALUES ('c5f9d7ed-863f-4da5-92e5-350aba6524f3', '8f0fb333-b35b-4545-ab63-9d1bdcc26c6d', 'Full-stack software engineer with 10 years of experience building scalable web applications. Expert in Python, JavaScript, React, and cloud technologies. Passionate about clean code, agile methodologies, and mentoring junior developers.', '2026-01-17 01:10:41', '2026-01-17 01:10:41');
INSERT IGNORE INTO `cv_variant_professional_summary` (`id`, `cv_variant_id`, `description`, `created_at`, `updated_at`) VALUES ('cb3fc24c-462b-4de8-a932-08220756d1b6', 'f6cc0060-c833-4880-aed6-a9899184afc9', 'Results-driven Senior Marketing Manager with over 8 years of experience driving growth through innovative marketing strategies, team management, and brand development.', '2026-01-17 13:38:12', '2026-01-17 13:38:12');
INSERT IGNORE INTO `cv_variant_professional_summary` (`id`, `cv_variant_id`, `description`, `created_at`, `updated_at`) VALUES ('d2279ddb-c0b4-4773-8490-ed88b6ca5d2a', '0e716ccd-bfac-47f2-9a8c-5f32ef35ed00', 'Creative UX/UI designer with 7 years of experience designing intuitive digital products. Expert in user research, prototyping, and design systems. Passionate about creating user-centered designs that solve real problems.', '2026-01-17 01:10:41', '2026-01-17 01:10:41');
INSERT IGNORE INTO `cv_variant_professional_summary` (`id`, `cv_variant_id`, `description`, `created_at`, `updated_at`) VALUES ('d3121c20-7569-433f-a7d4-cebd5dd8d79c', '9ac72734-eb11-4371-b1d6-2a3548c04d67', 'Experienced marketing professional with 12 years of expertise in digital marketing and team leadership. Successfully increased brand awareness by 30% through targeted campaigns and reduced customer acquisition costs by 20%. Managed comprehensive marketing strategies for a growing B2B SaaS company, resulting in consistent delivery of results.', '2026-01-15 17:21:41', '2026-01-15 20:21:51');
INSERT IGNORE INTO `cv_variant_professional_summary` (`id`, `cv_variant_id`, `description`, `created_at`, `updated_at`) VALUES ('d8c1179d-ab96-4d5e-856d-4cccdeb692fb', 'e9736b68-435b-4363-9f38-7c1caad7dd4d', 'Results-driven marketing leader with over 8 years of experience driving growth through strategic brand management and international marketing initiatives.', '2026-01-17 02:48:25', '2026-01-17 02:48:25');
INSERT IGNORE INTO `cv_variant_professional_summary` (`id`, `cv_variant_id`, `description`, `created_at`, `updated_at`) VALUES ('e8f069c6-e06e-44db-8f21-bd7b29da509c', '041e4f03-9112-4fdc-9128-627d5b98d9db', 'Experienced marketing professional with 8 years of expertise in digital marketing and team leadership. Successfully increased sales revenue by 25% over 2 years through strategic campaign development. Managed a team of 10 marketing specialists and reduced operational costs by $50,000 annually through process optimization.', '2026-01-17 01:10:41', '2026-01-17 02:22:01');

-- =====================================================
-- Data for table: cv_variant_projects
-- =====================================================

INSERT IGNORE INTO `cv_variant_projects` (`id`, `cv_variant_id`, `original_project_id`, `title`, `description`, `start_date`, `end_date`, `url`, `image_url`, `image_path`, `image_responsive`, `created_at`, `updated_at`) VALUES ('0c9b5e99-573b-4b11-83e8-55d8b02be1a3', '8f0fb333-b35b-4545-ab63-9d1bdcc26c6d', '92a4f159-312c-444a-9965-aad6b6dcdcc4', 'E-Commerce Platform', 'Led development of a scalable e-commerce platform handling 10,000+ transactions daily using microservices architecture.', '2020-06-01', '2021-03-31', 'https://github.com/mchen/ecommerce-platform', NULL, NULL, NULL, '2026-01-17 01:10:41', '2026-01-17 01:10:41');
INSERT IGNORE INTO `cv_variant_projects` (`id`, `cv_variant_id`, `original_project_id`, `title`, `description`, `start_date`, `end_date`, `url`, `image_url`, `image_path`, `image_responsive`, `created_at`, `updated_at`) VALUES ('33fb3a01-3e1d-4e78-a9aa-cee8f3fe7528', 'ee17a059-cac2-4799-a7d5-f7bc79c74914', 'f53547a3-4156-46f2-a0ce-50d5fe88d3e3', 'Digital Transformation Campaign', 'Led a comprehensive digital transformation campaign that modernized brand presence and increased online engagement by 200%.', '2021-01-01', '2021-12-31', 'https://example.com/projects/digital-transformation', NULL, NULL, NULL, '2026-01-17 13:47:14', '2026-01-17 13:47:14');
INSERT IGNORE INTO `cv_variant_projects` (`id`, `cv_variant_id`, `original_project_id`, `title`, `description`, `start_date`, `end_date`, `url`, `image_url`, `image_path`, `image_responsive`, `created_at`, `updated_at`) VALUES ('d0bae3b0-00c0-4f17-ae2e-16979e39f376', '041e4f03-9112-4fdc-9128-627d5b98d9db', 'f53547a3-4156-46f2-a0ce-50d5fe88d3e3', 'Digital Transformation Campaign', 'Led a comprehensive digital transformation campaign that modernized brand presence and increased online engagement by 200%.', '2021-01-01', '2021-12-31', 'https://example.com/projects/digital-transformation', NULL, NULL, NULL, '2026-01-17 01:10:41', '2026-01-17 02:22:01');
INSERT IGNORE INTO `cv_variant_projects` (`id`, `cv_variant_id`, `original_project_id`, `title`, `description`, `start_date`, `end_date`, `url`, `image_url`, `image_path`, `image_responsive`, `created_at`, `updated_at`) VALUES ('d263419c-98ce-4f04-97b5-2dcde67884e8', 'f6cc0060-c833-4880-aed6-a9899184afc9', 'f53547a3-4156-46f2-a0ce-50d5fe88d3e3', 'Digital Transformation Campaign', 'Led a comprehensive digital transformation campaign that modernized brand presence and increased online engagement by 200%.', '2021-01-01', '2021-12-31', 'https://example.com/projects/digital-transformation', NULL, NULL, NULL, '2026-01-17 13:38:12', '2026-01-17 13:38:12');
INSERT IGNORE INTO `cv_variant_projects` (`id`, `cv_variant_id`, `original_project_id`, `title`, `description`, `start_date`, `end_date`, `url`, `image_url`, `image_path`, `image_responsive`, `created_at`, `updated_at`) VALUES ('ecba3508-ab19-4c82-a625-d4fad7726220', '9ac72734-eb11-4371-b1d6-2a3548c04d67', 'ef2ce969-509b-41bf-b48a-ef0bfe758e1a', 'AI Marketing Toolkit', 'Developed an open-source collection of prompts and frameworks for marketing professionals to leverage AI tools effectively. The toolkit includes templates for content creation, campaign planning, and audience research, helping marketers integrate AI into their workflows while maintaining strategic thinking and creativity.', '2024-11-01', NULL, 'https://simple-cv-builder.com/cv/@simple-cv-example', 'http://localhost:8000/storage/projects/80b7c3eb-fdc5-4cd7-95cb-dc975e0095dd/1768483673_c3900a11895999f1.jpeg', 'projects/80b7c3eb-fdc5-4cd7-95cb-dc975e0095dd/1768483673_c3900a11895999f1.jpeg', '"\\"\\\\\\"{\\\\\\\\\\\\\\"large\\\\\\\\\\\\\\": {\\\\\\\\\\\\\\"url\\\\\\\\\\\\\\": \\\\\\\\\\\\\\"http://localhost:8000/storage/projects/80b7c3eb-fdc5-4cd7-95cb-dc975e0095dd/1768483673_c3900a11895999f1_large.jpeg\\\\\\\\\\\\\\", \\\\\\\\\\\\\\"path\\\\\\\\\\\\\\": \\\\\\\\\\\\\\"projects/80b7c3eb-fdc5-4cd7-95cb-dc975e0095dd/1768483673_c3900a11895999f1_large.jpeg\\\\\\\\\\\\\\", \\\\\\\\\\\\\\"width\\\\\\\\\\\\\\": 1200, \\\\\\\\\\\\\\"height\\\\\\\\\\\\\\": 1200}, \\\\\\\\\\\\\\"small\\\\\\\\\\\\\\": {\\\\\\\\\\\\\\"url\\\\\\\\\\\\\\": \\\\\\\\\\\\\\"http://localhost:8000/storage/projects/80b7c3eb-fdc5-4cd7-95cb-dc975e0095dd/1768483673_c3900a11895999f1_small.jpeg\\\\\\\\\\\\\\", \\\\\\\\\\\\\\"path\\\\\\\\\\\\\\": \\\\\\\\\\\\\\"projects/80b7c3eb-fdc5-4cd7-95cb-dc975e0095dd/1768483673_c3900a11895999f1_small.jpeg\\\\\\\\\\\\\\", \\\\\\\\\\\\\\"width\\\\\\\\\\\\\\": 400, \\\\\\\\\\\\\\"height\\\\\\\\\\\\\\": 400}, \\\\\\\\\\\\\\"thumb\\\\\\\\\\\\\\": {\\\\\\\\\\\\\\"url\\\\\\\\\\\\\\": \\\\\\\\\\\\\\"http://localhost:8000/storage/projects/80b7c3eb-fdc5-4cd7-95cb-dc975e0095dd/1768483673_c3900a11895999f1_thumb.jpeg\\\\\\\\\\\\\\", \\\\\\\\\\\\\\"path\\\\\\\\\\\\\\": \\\\\\\\\\\\\\"projects/80b7c3eb-fdc5-4cd7-95cb-dc975e0095dd/1768483673_c3900a11895999f1_thumb.jpeg\\\\\\\\\\\\\\", \\\\\\\\\\\\\\"width\\\\\\\\\\\\\\": 150, \\\\\\\\\\\\\\"height\\\\\\\\\\\\\\": 150}, \\\\\\\\\\\\\\"medium\\\\\\\\\\\\\\": {\\\\\\\\\\\\\\"url\\\\\\\\\\\\\\": \\\\\\\\\\\\\\"http://localhost:8000/storage/projects/80b7c3eb-fdc5-4cd7-95cb-dc975e0095dd/1768483673_c3900a11895999f1_medium.jpeg\\\\\\\\\\\\\\", \\\\\\\\\\\\\\"path\\\\\\\\\\\\\\": \\\\\\\\\\\\\\"projects/80b7c3eb-fdc5-4cd7-95cb-dc975e0095dd/1768483673_c3900a11895999f1_medium.jpeg\\\\\\\\\\\\\\", \\\\\\\\\\\\\\"width\\\\\\\\\\\\\\": 800, \\\\\\\\\\\\\\"height\\\\\\\\\\\\\\": 800}}\\\\\\"\\""', '2026-01-15 17:21:41', '2026-01-15 20:21:51');
INSERT IGNORE INTO `cv_variant_projects` (`id`, `cv_variant_id`, `original_project_id`, `title`, `description`, `start_date`, `end_date`, `url`, `image_url`, `image_path`, `image_responsive`, `created_at`, `updated_at`) VALUES ('f53547a3-4156-46f2-a0ce-50d5fe88d3e3', 'e9736b68-435b-4363-9f38-7c1caad7dd4d', NULL, 'Digital Transformation Campaign', 'Led a comprehensive digital transformation campaign that modernized brand presence and increased online engagement by 200%.', '2021-01-01', '2021-12-31', 'https://example.com/projects/digital-transformation', NULL, NULL, NULL, '2026-01-17 02:48:25', '2026-01-17 02:48:25');
INSERT IGNORE INTO `cv_variant_projects` (`id`, `cv_variant_id`, `original_project_id`, `title`, `description`, `start_date`, `end_date`, `url`, `image_url`, `image_path`, `image_responsive`, `created_at`, `updated_at`) VALUES ('ff338e06-cd41-481d-b755-af6b3fe23dc8', '0e716ccd-bfac-47f2-9a8c-5f32ef35ed00', 'e9b0f983-6db3-4b8e-a96c-471650b1581a', 'Design System Library', 'Created a comprehensive design system library used across 10+ product teams, reducing design inconsistencies by 90%.', '2020-01-01', '2020-06-30', 'https://figma.com/design-system-library', NULL, NULL, NULL, '2026-01-17 01:10:41', '2026-01-17 01:10:41');

-- =====================================================
-- Data for table: cv_variant_qualification_equivalence
-- =====================================================

INSERT IGNORE INTO `cv_variant_qualification_equivalence` (`id`, `cv_variant_id`, `original_qualification_id`, `level`, `description`, `created_at`, `updated_at`) VALUES ('a7f70726-70c1-4b9c-9eea-41f027d140e8', '9ac72734-eb11-4371-b1d6-2a3548c04d67', '87e681fc-d5a3-49ec-bcd4-20f96b7671da', 'Bachelor&amp;amp;#039;s Degree Equivalent', 'Over 12 years of professional marketing experience combined with advanced certifications in digital marketing, analytics, and content strategy. My expertise encompasses strategic planning, team leadership, and measurable business impact across multiple sectors, demonstrating depth of knowledge equivalent to formal degree qualifications in marketing and communications.', '2026-01-15 17:21:41', '2026-01-15 20:21:51');

-- =====================================================
-- Data for table: cv_variant_responsibility_categories
-- =====================================================

INSERT IGNORE INTO `cv_variant_responsibility_categories` (`id`, `work_experience_id`, `name`, `sort_order`, `created_at`) VALUES ('0bb04df2-81aa-4cac-b357-36059a49faa1', 'c4be3fae-d239-4b6d-8217-54c95ccaefa3', 'Digital Strategy', 0, '2026-01-17 02:22:01');
INSERT IGNORE INTO `cv_variant_responsibility_categories` (`id`, `work_experience_id`, `name`, `sort_order`, `created_at`) VALUES ('0ff3ee05-cad9-4fe9-a36b-e5ee54bd43ab', '5700d334-93de-450a-9d3f-87c9c4f4fd9a', 'Marketing Strategy', 0, '2026-01-15 20:21:51');
INSERT IGNORE INTO `cv_variant_responsibility_categories` (`id`, `work_experience_id`, `name`, `sort_order`, `created_at`) VALUES ('18fd69ac-fbb9-4cc6-ab7f-c6f03808696f', '3d2718ca-261a-433d-8133-a3e81d7c4173', 'Team Leadership', 1, '2026-01-17 13:47:14');
INSERT IGNORE INTO `cv_variant_responsibility_categories` (`id`, `work_experience_id`, `name`, `sort_order`, `created_at`) VALUES ('20d849c6-0910-4b08-b60e-ae424ca4d084', '7b592591-3fbc-4de4-8286-cf3eb8de2e7e', 'Team Leadership', 1, '2026-01-17 02:48:25');
INSERT IGNORE INTO `cv_variant_responsibility_categories` (`id`, `work_experience_id`, `name`, `sort_order`, `created_at`) VALUES ('2642bb34-9f21-46eb-b694-f1a080b5786f', '91e68349-4194-445d-963b-1729e3e6af13', 'UI Design', 0, '2026-01-17 01:10:41');
INSERT IGNORE INTO `cv_variant_responsibility_categories` (`id`, `work_experience_id`, `name`, `sort_order`, `created_at`) VALUES ('277351e9-cff4-4b76-bc2a-2b8b8a71674a', '7b592591-3fbc-4de4-8286-cf3eb8de2e7e', 'Digital Strategy', 0, '2026-01-17 02:48:25');
INSERT IGNORE INTO `cv_variant_responsibility_categories` (`id`, `work_experience_id`, `name`, `sort_order`, `created_at`) VALUES ('2e9f675d-3008-492a-b336-d3bd0456bdba', 'd854d0a1-8b77-4442-b7e0-9dd887430e05', 'Technical Leadership', 1, '2026-01-17 01:10:41');
INSERT IGNORE INTO `cv_variant_responsibility_categories` (`id`, `work_experience_id`, `name`, `sort_order`, `created_at`) VALUES ('55fc0f57-1b1c-4a02-9477-b8e7867bbeb1', '14deaca4-ef24-4b61-9cf7-83975a963b59', 'Campaign Management', 0, '2026-01-17 13:38:12');
INSERT IGNORE INTO `cv_variant_responsibility_categories` (`id`, `work_experience_id`, `name`, `sort_order`, `created_at`) VALUES ('68fd1853-bcb8-4128-8bff-6e04ba3cc058', '81415c52-6180-4e90-bb22-aaa59a3d0121', 'Full-Stack Development', 0, '2026-01-17 01:10:41');
INSERT IGNORE INTO `cv_variant_responsibility_categories` (`id`, `work_experience_id`, `name`, `sort_order`, `created_at`) VALUES ('73979044-64c1-453b-ac05-46a3a33e658e', 'c79b06e4-3162-443c-8782-6a1bbb1a5b27', 'Collaboration', 1, '2026-01-17 01:10:41');
INSERT IGNORE INTO `cv_variant_responsibility_categories` (`id`, `work_experience_id`, `name`, `sort_order`, `created_at`) VALUES ('8e49a460-88d8-4a37-993a-63b1f311fb82', '3d2718ca-261a-433d-8133-a3e81d7c4173', 'Digital Strategy', 0, '2026-01-17 13:47:14');
INSERT IGNORE INTO `cv_variant_responsibility_categories` (`id`, `work_experience_id`, `name`, `sort_order`, `created_at`) VALUES ('8fbc1dc8-87ed-4eda-8c31-a729a210dc66', 'e059170f-ca94-4827-a57b-9f87a62f8f30', 'Campaign Management', 0, '2026-01-17 13:47:14');
INSERT IGNORE INTO `cv_variant_responsibility_categories` (`id`, `work_experience_id`, `name`, `sort_order`, `created_at`) VALUES ('a6aca8c3-6cee-429b-a7f6-735c9893c5de', 'c4be3fae-d239-4b6d-8217-54c95ccaefa3', 'Team Leadership', 1, '2026-01-17 02:22:01');
INSERT IGNORE INTO `cv_variant_responsibility_categories` (`id`, `work_experience_id`, `name`, `sort_order`, `created_at`) VALUES ('bd6c7376-f8eb-4681-a71c-92d2718e669a', '5700d334-93de-450a-9d3f-87c9c4f4fd9a', 'Campaign Management', 1, '2026-01-15 20:21:51');
INSERT IGNORE INTO `cv_variant_responsibility_categories` (`id`, `work_experience_id`, `name`, `sort_order`, `created_at`) VALUES ('c2db8def-b76d-44e1-a9bb-03aeb5c1ca37', 'd854d0a1-8b77-4442-b7e0-9dd887430e05', 'Software Development', 0, '2026-01-17 01:10:41');
INSERT IGNORE INTO `cv_variant_responsibility_categories` (`id`, `work_experience_id`, `name`, `sort_order`, `created_at`) VALUES ('c6cea582-012a-4743-8141-672984f5d679', 'f3d701c5-4fe7-4a5f-be9c-ae7529d12b47', 'Campaign Management', 0, '2026-01-17 02:22:01');
INSERT IGNORE INTO `cv_variant_responsibility_categories` (`id`, `work_experience_id`, `name`, `sort_order`, `created_at`) VALUES ('e4907fbc-468b-4043-9b16-2969a78c69bc', 'c79b06e4-3162-443c-8782-6a1bbb1a5b27', 'Product Design', 0, '2026-01-17 01:10:41');
INSERT IGNORE INTO `cv_variant_responsibility_categories` (`id`, `work_experience_id`, `name`, `sort_order`, `created_at`) VALUES ('ea89b7dd-a7b2-4d7b-9038-5c4468cc3d67', '90d7e419-2cb7-4edc-9ea4-501918ebbca5', 'Digital Strategy', 0, '2026-01-17 13:38:12');
INSERT IGNORE INTO `cv_variant_responsibility_categories` (`id`, `work_experience_id`, `name`, `sort_order`, `created_at`) VALUES ('ec6bfa89-d756-497d-99e4-bdbbee07a8a4', 'b488cbd3-71fa-4195-8edc-52588cc18434', 'Web Development', 0, '2026-01-17 01:10:41');
INSERT IGNORE INTO `cv_variant_responsibility_categories` (`id`, `work_experience_id`, `name`, `sort_order`, `created_at`) VALUES ('f9202abb-2599-4f09-853b-f6bfc7262b72', '65b6fe28-c3e6-4aa3-a4d6-a561c363b8fe', 'Campaign Management', 0, '2026-01-17 02:48:25');
INSERT IGNORE INTO `cv_variant_responsibility_categories` (`id`, `work_experience_id`, `name`, `sort_order`, `created_at`) VALUES ('fa7b79a2-16a2-452d-84b5-4324d9d0ba18', '90d7e419-2cb7-4edc-9ea4-501918ebbca5', 'Team Leadership', 1, '2026-01-17 13:38:12');

-- =====================================================
-- Data for table: cv_variant_responsibility_items
-- =====================================================

INSERT IGNORE INTO `cv_variant_responsibility_items` (`id`, `category_id`, `content`, `sort_order`, `created_at`) VALUES ('05d12e3a-8c09-4696-bd94-19a637d98e47', 'a6aca8c3-6cee-429b-a7f6-735c9893c5de', 'Established KPIs and reporting frameworks to measure campaign effectiveness', 2, '2026-01-17 02:22:01');
INSERT IGNORE INTO `cv_variant_responsibility_items` (`id`, `category_id`, `content`, `sort_order`, `created_at`) VALUES ('0a5b31df-4f26-41ce-93e4-fa25c04a0812', 'a6aca8c3-6cee-429b-a7f6-735c9893c5de', 'Led a team of 5 marketing professionals, fostering collaboration and professional development', 0, '2026-01-17 02:22:01');
INSERT IGNORE INTO `cv_variant_responsibility_items` (`id`, `category_id`, `content`, `sort_order`, `created_at`) VALUES ('154fba47-70da-49c7-98a7-15108a58c102', 'f9202abb-2599-4f09-853b-f6bfc7262b72', 'Planned and executed marketing campaigns for 15+ clients across various industries', 0, '2026-01-17 02:48:25');
INSERT IGNORE INTO `cv_variant_responsibility_items` (`id`, `category_id`, `content`, `sort_order`, `created_at`) VALUES ('18c6dcaa-c87f-404a-a052-097841d2b6f8', '73979044-64c1-453b-ac05-46a3a33e658e', 'Mentored junior designers and provided design feedback', 2, '2026-01-17 01:10:41');
INSERT IGNORE INTO `cv_variant_responsibility_items` (`id`, `category_id`, `content`, `sort_order`, `created_at`) VALUES ('19eae6c4-8552-4d4a-8e16-56fc30d8cae3', 'fa7b79a2-16a2-452d-84b5-4324d9d0ba18', 'Established KPIs and reporting frameworks to measure campaign effectiveness', 2, '2026-01-17 13:38:12');
INSERT IGNORE INTO `cv_variant_responsibility_items` (`id`, `category_id`, `content`, `sort_order`, `created_at`) VALUES ('1a61b67c-fb03-4be8-9582-ad0f2642bc19', '0ff3ee05-cad9-4fe9-a36b-e5ee54bd43ab', 'Managed brand positioning and messaging across all marketing channels', 1, '2026-01-15 20:21:51');
INSERT IGNORE INTO `cv_variant_responsibility_items` (`id`, `category_id`, `content`, `sort_order`, `created_at`) VALUES ('1bafa443-4726-48b1-a54f-3c31a9c75742', 'bd6c7376-f8eb-4681-a71c-92d2718e669a', 'Planned and executed multi-channel marketing campaigns resulting in 40% increase in qualified leads', 0, '2026-01-15 20:21:51');
INSERT IGNORE INTO `cv_variant_responsibility_items` (`id`, `category_id`, `content`, `sort_order`, `created_at`) VALUES ('1ccdf629-6e06-4ab3-a33b-cfe54fe01579', 'c2db8def-b76d-44e1-a9bb-03aeb5c1ca37', 'Implemented CI/CD pipelines reducing deployment time by 70%', 2, '2026-01-17 01:10:41');
INSERT IGNORE INTO `cv_variant_responsibility_items` (`id`, `category_id`, `content`, `sort_order`, `created_at`) VALUES ('248fe5a8-d606-4cc2-9241-d236f1f51268', 'c2db8def-b76d-44e1-a9bb-03aeb5c1ca37', 'Architected and developed microservices-based applications serving 100,000+ users', 0, '2026-01-17 01:10:41');
INSERT IGNORE INTO `cv_variant_responsibility_items` (`id`, `category_id`, `content`, `sort_order`, `created_at`) VALUES ('28deb2c9-2e3f-428f-96ca-48b1f8d283ec', '0bb04df2-81aa-4cac-b357-36059a49faa1', 'Managed multi-channel campaigns including SEO, PPC, social media, and email marketing', 1, '2026-01-17 02:22:01');
INSERT IGNORE INTO `cv_variant_responsibility_items` (`id`, `category_id`, `content`, `sort_order`, `created_at`) VALUES ('2b1d0776-58f5-40e8-9473-b7028221763a', '277351e9-cff4-4b76-bc2a-2b8b8a71674a', 'Oversaw brand positioning and messaging across all marketing channels', 2, '2026-01-17 02:48:25');
INSERT IGNORE INTO `cv_variant_responsibility_items` (`id`, `category_id`, `content`, `sort_order`, `created_at`) VALUES ('2b7e6d96-992d-4cd7-bd6b-92a552a9508b', '8fbc1dc8-87ed-4eda-8c31-a729a210dc66', 'Planned and executed marketing campaigns for 15+ clients across various industries', 0, '2026-01-17 13:47:14');
INSERT IGNORE INTO `cv_variant_responsibility_items` (`id`, `category_id`, `content`, `sort_order`, `created_at`) VALUES ('3453051b-5db7-4ff3-b9f0-42051713b024', 'a6aca8c3-6cee-429b-a7f6-735c9893c5de', 'Collaborated with sales and product teams to align marketing initiatives with business goals', 1, '2026-01-17 02:22:01');
INSERT IGNORE INTO `cv_variant_responsibility_items` (`id`, `category_id`, `content`, `sort_order`, `created_at`) VALUES ('365f9b1d-e20e-48c0-9785-151eef72cc13', '0ff3ee05-cad9-4fe9-a36b-e5ee54bd43ab', 'Developed and executed comprehensive marketing strategies aligned with business objectives', 0, '2026-01-15 20:21:51');
INSERT IGNORE INTO `cv_variant_responsibility_items` (`id`, `category_id`, `content`, `sort_order`, `created_at`) VALUES ('3daa99e0-5767-4bc3-924c-c0e240622c9a', '20d849c6-0910-4b08-b60e-ae424ca4d084', 'Collaborated with sales and product teams to align marketing initiatives with business goals', 1, '2026-01-17 02:48:25');
INSERT IGNORE INTO `cv_variant_responsibility_items` (`id`, `category_id`, `content`, `sort_order`, `created_at`) VALUES ('436476b3-12ee-4adc-bc6e-4657a40f2230', 'c2db8def-b76d-44e1-a9bb-03aeb5c1ca37', 'Led migration of legacy systems to cloud-native architecture', 1, '2026-01-17 01:10:41');
INSERT IGNORE INTO `cv_variant_responsibility_items` (`id`, `category_id`, `content`, `sort_order`, `created_at`) VALUES ('4c38889e-32df-45f9-9076-35cb1faf4653', 'ea89b7dd-a7b2-4d7b-9038-5c4468cc3d67', 'Managed multi-channel campaigns including SEO, PPC, social media, and email marketing', 1, '2026-01-17 13:38:12');
INSERT IGNORE INTO `cv_variant_responsibility_items` (`id`, `category_id`, `content`, `sort_order`, `created_at`) VALUES ('4c9a2cf8-42cc-4858-95d1-e0b1bf488665', 'fa7b79a2-16a2-452d-84b5-4324d9d0ba18', 'Collaborated with sales and product teams to align marketing initiatives with business goals', 1, '2026-01-17 13:38:12');
INSERT IGNORE INTO `cv_variant_responsibility_items` (`id`, `category_id`, `content`, `sort_order`, `created_at`) VALUES ('4f8b1a1d-2a4b-4daf-9499-a34baeccfe03', '73979044-64c1-453b-ac05-46a3a33e658e', 'Presented design concepts and user research findings to stakeholders', 1, '2026-01-17 01:10:41');
INSERT IGNORE INTO `cv_variant_responsibility_items` (`id`, `category_id`, `content`, `sort_order`, `created_at`) VALUES ('52d92587-5925-4ee9-a7a2-cdad4bca5413', '18fd69ac-fbb9-4cc6-ab7f-c6f03808696f', 'Established KPIs and reporting frameworks to measure campaign effectiveness', 2, '2026-01-17 13:47:14');
INSERT IGNORE INTO `cv_variant_responsibility_items` (`id`, `category_id`, `content`, `sort_order`, `created_at`) VALUES ('69a45e1d-da56-40c0-87d3-8e2d29a31bf9', '73979044-64c1-453b-ac05-46a3a33e658e', 'Collaborated with product managers and developers to deliver cohesive experiences', 0, '2026-01-17 01:10:41');
INSERT IGNORE INTO `cv_variant_responsibility_items` (`id`, `category_id`, `content`, `sort_order`, `created_at`) VALUES ('6cdc0b0c-e6ae-4184-851c-c41a8ea61647', 'e4907fbc-468b-4043-9b16-2969a78c69bc', 'Created and maintained comprehensive design systems', 2, '2026-01-17 01:10:41');
INSERT IGNORE INTO `cv_variant_responsibility_items` (`id`, `category_id`, `content`, `sort_order`, `created_at`) VALUES ('707855d1-1f54-47f5-b4f1-f8b6c8b7fb59', 'e4907fbc-468b-4043-9b16-2969a78c69bc', 'Conducted user research and usability testing to inform design decisions', 1, '2026-01-17 01:10:41');
INSERT IGNORE INTO `cv_variant_responsibility_items` (`id`, `category_id`, `content`, `sort_order`, `created_at`) VALUES ('7349d6ef-02ba-4424-b77a-85db07b72c35', 'c6cea582-012a-4743-8141-672984f5d679', 'Managed social media presence across multiple platforms', 2, '2026-01-17 02:22:01');
INSERT IGNORE INTO `cv_variant_responsibility_items` (`id`, `category_id`, `content`, `sort_order`, `created_at`) VALUES ('73f5b470-6cd1-4e9e-8c6e-1451ed43eb0c', '55fc0f57-1b1c-4a02-9477-b8e7867bbeb1', 'Managed social media presence across multiple platforms', 2, '2026-01-17 13:38:12');
INSERT IGNORE INTO `cv_variant_responsibility_items` (`id`, `category_id`, `content`, `sort_order`, `created_at`) VALUES ('7e4a90cd-6342-4868-bf38-a25d656d6cce', 'c6cea582-012a-4743-8141-672984f5d679', 'Planned and executed marketing campaigns for 15+ clients across various industries', 0, '2026-01-17 02:22:01');
INSERT IGNORE INTO `cv_variant_responsibility_items` (`id`, `category_id`, `content`, `sort_order`, `created_at`) VALUES ('8258831f-e02c-479b-a37c-4863cd63ec4c', '277351e9-cff4-4b76-bc2a-2b8b8a71674a', 'Managed multi-channel campaigns including SEO, PPC, social media, and email marketing', 1, '2026-01-17 02:48:25');
INSERT IGNORE INTO `cv_variant_responsibility_items` (`id`, `category_id`, `content`, `sort_order`, `created_at`) VALUES ('8f930f5d-8c65-4eb4-be50-a9537b0d2ff5', 'c6cea582-012a-4743-8141-672984f5d679', 'Developed content strategies that increased client engagement by 80%', 1, '2026-01-17 02:22:01');
INSERT IGNORE INTO `cv_variant_responsibility_items` (`id`, `category_id`, `content`, `sort_order`, `created_at`) VALUES ('911b878b-67a0-4098-a6f8-4025b8b03786', '20d849c6-0910-4b08-b60e-ae424ca4d084', 'Established KPIs and reporting frameworks to measure campaign effectiveness', 2, '2026-01-17 02:48:25');
INSERT IGNORE INTO `cv_variant_responsibility_items` (`id`, `category_id`, `content`, `sort_order`, `created_at`) VALUES ('92bfcb99-5eb0-480e-b1ba-8e8c9275a323', '8e49a460-88d8-4a37-993a-63b1f311fb82', 'Managed multi-channel campaigns including SEO, PPC, social media, and email marketing', 1, '2026-01-17 13:47:14');
INSERT IGNORE INTO `cv_variant_responsibility_items` (`id`, `category_id`, `content`, `sort_order`, `created_at`) VALUES ('9654b7e8-b68d-49c5-a05f-bd59e8561608', 'f9202abb-2599-4f09-853b-f6bfc7262b72', 'Managed social media presence across multiple platforms', 2, '2026-01-17 02:48:25');
INSERT IGNORE INTO `cv_variant_responsibility_items` (`id`, `category_id`, `content`, `sort_order`, `created_at`) VALUES ('9f3ef634-f316-4619-a38c-90571df73525', '20d849c6-0910-4b08-b60e-ae424ca4d084', 'Led a team of 5 marketing professionals, fostering collaboration and professional development', 0, '2026-01-17 02:48:25');
INSERT IGNORE INTO `cv_variant_responsibility_items` (`id`, `category_id`, `content`, `sort_order`, `created_at`) VALUES ('a652c18e-d615-4f52-97d9-4e32314d4700', '68fd1853-bcb8-4128-8bff-6e04ba3cc058', 'Built responsive web applications using React, Node.js, and PostgreSQL', 0, '2026-01-17 01:10:41');
INSERT IGNORE INTO `cv_variant_responsibility_items` (`id`, `category_id`, `content`, `sort_order`, `created_at`) VALUES ('a68fbf47-aeb6-460e-a72b-ca166757ebfc', 'ea89b7dd-a7b2-4d7b-9038-5c4468cc3d67', 'Developed and executed comprehensive digital marketing strategies that increased lead generation by 150%', 0, '2026-01-17 13:38:12');
INSERT IGNORE INTO `cv_variant_responsibility_items` (`id`, `category_id`, `content`, `sort_order`, `created_at`) VALUES ('a8d94186-cf71-403c-8094-5318785e93e3', '0ff3ee05-cad9-4fe9-a36b-e5ee54bd43ab', 'Oversaw digital campaign execution including SEO, PPC, social media, and email marketing', 2, '2026-01-15 20:21:51');
INSERT IGNORE INTO `cv_variant_responsibility_items` (`id`, `category_id`, `content`, `sort_order`, `created_at`) VALUES ('ab3e6613-3e13-4a09-b0d4-c148a08be685', '8e49a460-88d8-4a37-993a-63b1f311fb82', 'Oversaw brand positioning and messaging across all marketing channels', 2, '2026-01-17 13:47:14');
INSERT IGNORE INTO `cv_variant_responsibility_items` (`id`, `category_id`, `content`, `sort_order`, `created_at`) VALUES ('ac3e61b7-a9c4-494f-b789-5bbba295494e', 'ec6bfa89-d756-497d-99e4-bdbbee07a8a4', 'Maintained and updated existing client websites', 1, '2026-01-17 01:10:41');
INSERT IGNORE INTO `cv_variant_responsibility_items` (`id`, `category_id`, `content`, `sort_order`, `created_at`) VALUES ('af7fa911-7258-4963-a00c-66d9158610c2', '8fbc1dc8-87ed-4eda-8c31-a729a210dc66', 'Managed social media presence across multiple platforms', 2, '2026-01-17 13:47:14');
INSERT IGNORE INTO `cv_variant_responsibility_items` (`id`, `category_id`, `content`, `sort_order`, `created_at`) VALUES ('b5b45851-ffb8-410b-9a6d-7df307ebdf71', 'fa7b79a2-16a2-452d-84b5-4324d9d0ba18', 'Led a team of 5 marketing professionals, fostering collaboration and professional development', 0, '2026-01-17 13:38:12');
INSERT IGNORE INTO `cv_variant_responsibility_items` (`id`, `category_id`, `content`, `sort_order`, `created_at`) VALUES ('b791210f-6479-4871-9657-609de8695b1c', 'bd6c7376-f8eb-4681-a71c-92d2718e669a', 'Collaborated with sales and product teams to align marketing initiatives with business goals', 1, '2026-01-15 20:21:51');
INSERT IGNORE INTO `cv_variant_responsibility_items` (`id`, `category_id`, `content`, `sort_order`, `created_at`) VALUES ('b8dddd1f-4df5-4715-b128-bad55191d7fb', '8fbc1dc8-87ed-4eda-8c31-a729a210dc66', 'Developed content strategies that increased client engagement by 80%', 1, '2026-01-17 13:47:14');
INSERT IGNORE INTO `cv_variant_responsibility_items` (`id`, `category_id`, `content`, `sort_order`, `created_at`) VALUES ('bb05b91b-24ed-42e0-9cd2-fe9956d86cd9', '0bb04df2-81aa-4cac-b357-36059a49faa1', 'Oversaw brand positioning and messaging across all marketing channels', 2, '2026-01-17 02:22:01');
INSERT IGNORE INTO `cv_variant_responsibility_items` (`id`, `category_id`, `content`, `sort_order`, `created_at`) VALUES ('bcad91be-0453-48ba-a410-958eedfc7a60', 'ec6bfa89-d756-497d-99e4-bdbbee07a8a4', 'Developed custom websites using HTML, CSS, JavaScript, and PHP', 0, '2026-01-17 01:10:41');
INSERT IGNORE INTO `cv_variant_responsibility_items` (`id`, `category_id`, `content`, `sort_order`, `created_at`) VALUES ('be63d997-62e0-4ffd-8500-e63a1cc0b403', '2642bb34-9f21-46eb-b694-f1a080b5786f', 'Collaborated with developers to ensure design implementation accuracy', 2, '2026-01-17 01:10:41');
INSERT IGNORE INTO `cv_variant_responsibility_items` (`id`, `category_id`, `content`, `sort_order`, `created_at`) VALUES ('bf987898-edc0-4885-9e01-9117436a3b5a', '68fd1853-bcb8-4128-8bff-6e04ba3cc058', 'Implemented RESTful APIs and real-time features using WebSockets', 1, '2026-01-17 01:10:41');
INSERT IGNORE INTO `cv_variant_responsibility_items` (`id`, `category_id`, `content`, `sort_order`, `created_at`) VALUES ('c9b75cf5-fac1-451d-af90-b9eb24c76f4e', 'ea89b7dd-a7b2-4d7b-9038-5c4468cc3d67', 'Oversaw brand positioning and messaging across all marketing channels', 2, '2026-01-17 13:38:12');
INSERT IGNORE INTO `cv_variant_responsibility_items` (`id`, `category_id`, `content`, `sort_order`, `created_at`) VALUES ('d0d2d613-e373-4379-aa02-1526a9f6f2aa', '2e9f675d-3008-492a-b336-d3bd0456bdba', 'Mentored a team of 4 junior developers, conducting code reviews and technical training', 0, '2026-01-17 01:10:41');
INSERT IGNORE INTO `cv_variant_responsibility_items` (`id`, `category_id`, `content`, `sort_order`, `created_at`) VALUES ('d522fac2-94e6-4866-93cd-7a706216ef23', '2642bb34-9f21-46eb-b694-f1a080b5786f', 'Designed responsive layouts for websites and mobile applications', 1, '2026-01-17 01:10:41');
INSERT IGNORE INTO `cv_variant_responsibility_items` (`id`, `category_id`, `content`, `sort_order`, `created_at`) VALUES ('d78d70bc-fdff-4f5d-b8e3-63474aee0e20', '2642bb34-9f21-46eb-b694-f1a080b5786f', 'Created high-fidelity mockups and prototypes for client projects', 0, '2026-01-17 01:10:41');
INSERT IGNORE INTO `cv_variant_responsibility_items` (`id`, `category_id`, `content`, `sort_order`, `created_at`) VALUES ('dda47640-d5f4-4540-9b3e-1b9922d11cba', '277351e9-cff4-4b76-bc2a-2b8b8a71674a', 'Developed and executed comprehensive digital marketing strategies that increased lead generation by 150%', 0, '2026-01-17 02:48:25');
INSERT IGNORE INTO `cv_variant_responsibility_items` (`id`, `category_id`, `content`, `sort_order`, `created_at`) VALUES ('dfdae830-a156-41bf-bb98-65a3b29d4023', 'e4907fbc-468b-4043-9b16-2969a78c69bc', 'Designed user interfaces for mobile and web applications used by 500,000+ users', 0, '2026-01-17 01:10:41');
INSERT IGNORE INTO `cv_variant_responsibility_items` (`id`, `category_id`, `content`, `sort_order`, `created_at`) VALUES ('e19f65bb-befe-414a-900f-f36e9857772c', '68fd1853-bcb8-4128-8bff-6e04ba3cc058', 'Optimized database queries and application performance', 2, '2026-01-17 01:10:41');
INSERT IGNORE INTO `cv_variant_responsibility_items` (`id`, `category_id`, `content`, `sort_order`, `created_at`) VALUES ('e7d95d0c-c119-4d58-a0b6-80139ca5c409', '2e9f675d-3008-492a-b336-d3bd0456bdba', 'Collaborated with product and design teams to deliver user-centric solutions', 2, '2026-01-17 01:10:41');
INSERT IGNORE INTO `cv_variant_responsibility_items` (`id`, `category_id`, `content`, `sort_order`, `created_at`) VALUES ('ed1e02b1-e9f5-4645-a4a7-697d9206e388', '18fd69ac-fbb9-4cc6-ab7f-c6f03808696f', 'Led a team of 5 marketing professionals, fostering collaboration and professional development', 0, '2026-01-17 13:47:14');
INSERT IGNORE INTO `cv_variant_responsibility_items` (`id`, `category_id`, `content`, `sort_order`, `created_at`) VALUES ('ed1ff3d2-187a-4a38-85ac-b1da39d3bb0c', '18fd69ac-fbb9-4cc6-ab7f-c6f03808696f', 'Collaborated with sales and product teams to align marketing initiatives with business goals', 1, '2026-01-17 13:47:14');
INSERT IGNORE INTO `cv_variant_responsibility_items` (`id`, `category_id`, `content`, `sort_order`, `created_at`) VALUES ('ed87fb67-307c-4c3b-8b08-537462be7bda', '2e9f675d-3008-492a-b336-d3bd0456bdba', 'Established coding standards and best practices across development teams', 1, '2026-01-17 01:10:41');
INSERT IGNORE INTO `cv_variant_responsibility_items` (`id`, `category_id`, `content`, `sort_order`, `created_at`) VALUES ('f255d7ac-dee4-4934-8f36-73f57d700e3f', '55fc0f57-1b1c-4a02-9477-b8e7867bbeb1', 'Planned and executed marketing campaigns for 15+ clients across various industries', 0, '2026-01-17 13:38:12');
INSERT IGNORE INTO `cv_variant_responsibility_items` (`id`, `category_id`, `content`, `sort_order`, `created_at`) VALUES ('f48121a1-1bb7-4417-b17a-b0cf86c060d1', '0bb04df2-81aa-4cac-b357-36059a49faa1', 'Developed and executed comprehensive digital marketing strategies that increased lead generation by 150%', 0, '2026-01-17 02:22:01');
INSERT IGNORE INTO `cv_variant_responsibility_items` (`id`, `category_id`, `content`, `sort_order`, `created_at`) VALUES ('f550e62e-d5ed-4205-8748-54ef99c69550', '55fc0f57-1b1c-4a02-9477-b8e7867bbeb1', 'Developed content strategies that increased client engagement by 80%', 1, '2026-01-17 13:38:12');
INSERT IGNORE INTO `cv_variant_responsibility_items` (`id`, `category_id`, `content`, `sort_order`, `created_at`) VALUES ('f76c3fb2-bdb6-4770-b4dc-decd2b8639e7', 'ec6bfa89-d756-497d-99e4-bdbbee07a8a4', 'Collaborated with designers to implement responsive layouts', 2, '2026-01-17 01:10:41');
INSERT IGNORE INTO `cv_variant_responsibility_items` (`id`, `category_id`, `content`, `sort_order`, `created_at`) VALUES ('ff9149ac-e7a5-43c3-9116-f530fb8f3eca', '8e49a460-88d8-4a37-993a-63b1f311fb82', 'Developed and executed comprehensive digital marketing strategies that increased lead generation by 150%', 0, '2026-01-17 13:47:14');
INSERT IGNORE INTO `cv_variant_responsibility_items` (`id`, `category_id`, `content`, `sort_order`, `created_at`) VALUES ('ff94d874-1b3e-4e65-ab75-4eeee58cd409', 'f9202abb-2599-4f09-853b-f6bfc7262b72', 'Developed content strategies that increased client engagement by 80%', 1, '2026-01-17 02:48:25');

-- =====================================================
-- Data for table: cv_variant_skills
-- =====================================================

INSERT IGNORE INTO `cv_variant_skills` (`id`, `cv_variant_id`, `original_skill_id`, `name`, `level`, `category`, `created_at`, `updated_at`) VALUES ('001e7011-7e97-4d23-94f6-24948af3098b', 'ee17a059-cac2-4799-a7d5-f7bc79c74914', NULL, 'Social Media Marketing', NULL, 'Marketing', '2026-01-17 13:47:14', '2026-01-17 13:47:14');
INSERT IGNORE INTO `cv_variant_skills` (`id`, `cv_variant_id`, `original_skill_id`, `name`, `level`, `category`, `created_at`, `updated_at`) VALUES ('04af6f88-17ab-48af-8b8c-5f34da9d29b1', '0e716ccd-bfac-47f2-9a8c-5f32ef35ed00', '811eb948-6775-4d94-86d9-96f4100c09d4', 'Prototyping', NULL, 'UX', '2026-01-17 01:10:41', '2026-01-17 01:10:41');
INSERT IGNORE INTO `cv_variant_skills` (`id`, `cv_variant_id`, `original_skill_id`, `name`, `level`, `category`, `created_at`, `updated_at`) VALUES ('077cb122-255e-497b-b28e-c67dbb807c9c', '8f0fb333-b35b-4545-ab63-9d1bdcc26c6d', 'a8311eb3-b0ef-46c5-b1eb-717907ca2dcb', 'PostgreSQL', NULL, 'Database', '2026-01-17 01:10:41', '2026-01-17 01:10:41');
INSERT IGNORE INTO `cv_variant_skills` (`id`, `cv_variant_id`, `original_skill_id`, `name`, `level`, `category`, `created_at`, `updated_at`) VALUES ('0cfb753a-3d57-4c5b-96f4-bf84e87fe3ef', 'ee17a059-cac2-4799-a7d5-f7bc79c74914', NULL, 'Adobe Creative Suite', NULL, 'Design', '2026-01-17 13:47:14', '2026-01-17 13:47:14');
INSERT IGNORE INTO `cv_variant_skills` (`id`, `cv_variant_id`, `original_skill_id`, `name`, `level`, `category`, `created_at`, `updated_at`) VALUES ('140f2c2b-6a4e-4eb1-93d9-12cfc104eb51', 'f6cc0060-c833-4880-aed6-a9899184afc9', NULL, 'Digital Marketing', NULL, 'Marketing', '2026-01-17 13:38:12', '2026-01-17 13:38:12');
INSERT IGNORE INTO `cv_variant_skills` (`id`, `cv_variant_id`, `original_skill_id`, `name`, `level`, `category`, `created_at`, `updated_at`) VALUES ('14298877-004c-436c-99e5-1485d6b445bf', '8f0fb333-b35b-4545-ab63-9d1bdcc26c6d', '53078654-4d40-4b8f-b1b7-bc77631177d4', 'Git', NULL, 'Tools', '2026-01-17 01:10:41', '2026-01-17 01:10:41');
INSERT IGNORE INTO `cv_variant_skills` (`id`, `cv_variant_id`, `original_skill_id`, `name`, `level`, `category`, `created_at`, `updated_at`) VALUES ('14480ef2-5808-487b-bc63-a80b16602650', 'ee17a059-cac2-4799-a7d5-f7bc79c74914', NULL, 'Digital Marketing', NULL, 'Marketing', '2026-01-17 13:47:14', '2026-01-17 13:47:14');
INSERT IGNORE INTO `cv_variant_skills` (`id`, `cv_variant_id`, `original_skill_id`, `name`, `level`, `category`, `created_at`, `updated_at`) VALUES ('356ad7be-198b-4d67-92c5-914e5210ba59', 'e9736b68-435b-4363-9f38-7c1caad7dd4d', NULL, 'Team Leadership', NULL, 'Management', '2026-01-17 02:48:25', '2026-01-17 02:48:25');
INSERT IGNORE INTO `cv_variant_skills` (`id`, `cv_variant_id`, `original_skill_id`, `name`, `level`, `category`, `created_at`, `updated_at`) VALUES ('3758deff-2364-41de-9bce-f2bc5f65acad', '0e716ccd-bfac-47f2-9a8c-5f32ef35ed00', 'b2eacc65-07de-4007-bdb2-a19469211caf', 'Adobe XD', NULL, 'Design Tools', '2026-01-17 01:10:41', '2026-01-17 01:10:41');
INSERT IGNORE INTO `cv_variant_skills` (`id`, `cv_variant_id`, `original_skill_id`, `name`, `level`, `category`, `created_at`, `updated_at`) VALUES ('3e809572-3a96-4b50-8caa-b2872b2eef0e', 'e9736b68-435b-4363-9f38-7c1caad7dd4d', NULL, 'SEO/SEM', NULL, 'Marketing', '2026-01-17 02:48:25', '2026-01-17 02:48:25');
INSERT IGNORE INTO `cv_variant_skills` (`id`, `cv_variant_id`, `original_skill_id`, `name`, `level`, `category`, `created_at`, `updated_at`) VALUES ('429828ef-856e-424c-a70c-d375313d2687', '0e716ccd-bfac-47f2-9a8c-5f32ef35ed00', '26262af6-9278-4b59-8325-e4b2f5753fd9', 'Sketch', NULL, 'Design Tools', '2026-01-17 01:10:41', '2026-01-17 01:10:41');
INSERT IGNORE INTO `cv_variant_skills` (`id`, `cv_variant_id`, `original_skill_id`, `name`, `level`, `category`, `created_at`, `updated_at`) VALUES ('4592abdf-21a0-4ee1-9fa1-f1ee35e5924d', '041e4f03-9112-4fdc-9128-627d5b98d9db', '062af803-586f-4baa-ae7c-0459158d91a2', 'Team Leadership', NULL, 'Management', '2026-01-17 02:22:01', '2026-01-17 02:22:01');
INSERT IGNORE INTO `cv_variant_skills` (`id`, `cv_variant_id`, `original_skill_id`, `name`, `level`, `category`, `created_at`, `updated_at`) VALUES ('4996ce7c-ce39-4cfc-850c-fed5fc51ca54', '8f0fb333-b35b-4545-ab63-9d1bdcc26c6d', '96f061d0-b4ee-4a60-97a5-9f32d2270551', 'Node.js', NULL, 'Backend', '2026-01-17 01:10:41', '2026-01-17 01:10:41');
INSERT IGNORE INTO `cv_variant_skills` (`id`, `cv_variant_id`, `original_skill_id`, `name`, `level`, `category`, `created_at`, `updated_at`) VALUES ('53b9486d-ed3f-4a5b-ab08-c437782c5272', 'e9736b68-435b-4363-9f38-7c1caad7dd4d', NULL, 'Content Strategy', NULL, 'Marketing', '2026-01-17 02:48:25', '2026-01-17 02:48:25');
INSERT IGNORE INTO `cv_variant_skills` (`id`, `cv_variant_id`, `original_skill_id`, `name`, `level`, `category`, `created_at`, `updated_at`) VALUES ('6279e110-705c-401e-b5a0-17d70780c2d1', 'f6cc0060-c833-4880-aed6-a9899184afc9', NULL, 'SEO/SEM', NULL, 'Marketing', '2026-01-17 13:38:12', '2026-01-17 13:38:12');
INSERT IGNORE INTO `cv_variant_skills` (`id`, `cv_variant_id`, `original_skill_id`, `name`, `level`, `category`, `created_at`, `updated_at`) VALUES ('66eaaff5-a4f3-4525-b8bb-59ab69695348', 'ee17a059-cac2-4799-a7d5-f7bc79c74914', NULL, 'Content Strategy', NULL, 'Marketing', '2026-01-17 13:47:14', '2026-01-17 13:47:14');
INSERT IGNORE INTO `cv_variant_skills` (`id`, `cv_variant_id`, `original_skill_id`, `name`, `level`, `category`, `created_at`, `updated_at`) VALUES ('71de5106-217e-4cea-a1ec-ae2ea554fc56', 'ee17a059-cac2-4799-a7d5-f7bc79c74914', NULL, 'SEO/SEM', NULL, 'Marketing', '2026-01-17 13:47:14', '2026-01-17 13:47:14');
INSERT IGNORE INTO `cv_variant_skills` (`id`, `cv_variant_id`, `original_skill_id`, `name`, `level`, `category`, `created_at`, `updated_at`) VALUES ('7514f5ec-9297-47f1-96af-43ac2bd07c84', 'ee17a059-cac2-4799-a7d5-f7bc79c74914', NULL, 'B2B SaaS Marketing', NULL, 'Marketing', '2026-01-17 13:47:14', '2026-01-17 13:47:14');
INSERT IGNORE INTO `cv_variant_skills` (`id`, `cv_variant_id`, `original_skill_id`, `name`, `level`, `category`, `created_at`, `updated_at`) VALUES ('82039cfa-69e2-47fc-8ef5-8410e75cd9f4', '0e716ccd-bfac-47f2-9a8c-5f32ef35ed00', 'a9cf9a70-db17-4de2-817a-99afd31e9066', 'Design Systems', NULL, 'Design', '2026-01-17 01:10:41', '2026-01-17 01:10:41');
INSERT IGNORE INTO `cv_variant_skills` (`id`, `cv_variant_id`, `original_skill_id`, `name`, `level`, `category`, `created_at`, `updated_at`) VALUES ('8427dea8-427d-403f-bf75-9ad3393f276f', 'f6cc0060-c833-4880-aed6-a9899184afc9', NULL, 'Team Leadership', NULL, 'Management', '2026-01-17 13:38:12', '2026-01-17 13:38:12');
INSERT IGNORE INTO `cv_variant_skills` (`id`, `cv_variant_id`, `original_skill_id`, `name`, `level`, `category`, `created_at`, `updated_at`) VALUES ('92e6a42e-dcb7-4cf1-b153-b720d148e9aa', '8f0fb333-b35b-4545-ab63-9d1bdcc26c6d', '3265981b-2b60-4be2-a7a8-4e9a5003f90a', 'Python', NULL, 'Programming', '2026-01-17 01:10:41', '2026-01-17 01:10:41');
INSERT IGNORE INTO `cv_variant_skills` (`id`, `cv_variant_id`, `original_skill_id`, `name`, `level`, `category`, `created_at`, `updated_at`) VALUES ('9533a0de-ba35-4197-91bd-0079a95f6401', 'f6cc0060-c833-4880-aed6-a9899184afc9', NULL, 'Content Strategy', NULL, 'Marketing', '2026-01-17 13:38:12', '2026-01-17 13:38:12');
INSERT IGNORE INTO `cv_variant_skills` (`id`, `cv_variant_id`, `original_skill_id`, `name`, `level`, `category`, `created_at`, `updated_at`) VALUES ('984ba405-aaf9-492c-bb1a-2b714aee4373', '041e4f03-9112-4fdc-9128-627d5b98d9db', '81f292cd-98bc-4bf6-a036-fd6a6dbf8d7a', 'SEO/SEM', NULL, 'Marketing', '2026-01-17 02:22:01', '2026-01-17 02:22:01');
INSERT IGNORE INTO `cv_variant_skills` (`id`, `cv_variant_id`, `original_skill_id`, `name`, `level`, `category`, `created_at`, `updated_at`) VALUES ('9bd18fed-6adf-4e02-85ef-7b09257fbb6b', '0e716ccd-bfac-47f2-9a8c-5f32ef35ed00', 'd689c3c2-7471-47c8-8d7a-5e9015a42299', 'HTML/CSS', NULL, 'Frontend', '2026-01-17 01:10:41', '2026-01-17 01:10:41');
INSERT IGNORE INTO `cv_variant_skills` (`id`, `cv_variant_id`, `original_skill_id`, `name`, `level`, `category`, `created_at`, `updated_at`) VALUES ('a113774d-f533-4461-8255-6f4a91e287b0', 'f6cc0060-c833-4880-aed6-a9899184afc9', NULL, 'Social Media Marketing', NULL, 'Marketing', '2026-01-17 13:38:12', '2026-01-17 13:38:12');
INSERT IGNORE INTO `cv_variant_skills` (`id`, `cv_variant_id`, `original_skill_id`, `name`, `level`, `category`, `created_at`, `updated_at`) VALUES ('a4f7c704-984d-47ae-9787-a142710b38fa', '041e4f03-9112-4fdc-9128-627d5b98d9db', '8660550f-ecbb-4427-a3b1-cb96f031fae9', 'Google Analytics', NULL, 'Analytics', '2026-01-17 02:22:01', '2026-01-17 02:22:01');
INSERT IGNORE INTO `cv_variant_skills` (`id`, `cv_variant_id`, `original_skill_id`, `name`, `level`, `category`, `created_at`, `updated_at`) VALUES ('a9a5fa45-daa2-4c07-8af7-dd7c683d9e65', '041e4f03-9112-4fdc-9128-627d5b98d9db', '881bd8c5-84ef-4595-a327-eea3c933621d', 'Social Media Marketing', NULL, 'Marketing', '2026-01-17 02:22:01', '2026-01-17 02:22:01');
INSERT IGNORE INTO `cv_variant_skills` (`id`, `cv_variant_id`, `original_skill_id`, `name`, `level`, `category`, `created_at`, `updated_at`) VALUES ('b52f057d-9509-4667-b237-e8951aeb7e68', '041e4f03-9112-4fdc-9128-627d5b98d9db', 'cb84f115-e58e-4cf7-9c2c-140887af8f76', 'Content Strategy', NULL, 'Marketing', '2026-01-17 02:22:01', '2026-01-17 02:22:01');
INSERT IGNORE INTO `cv_variant_skills` (`id`, `cv_variant_id`, `original_skill_id`, `name`, `level`, `category`, `created_at`, `updated_at`) VALUES ('b55d54db-c960-4b00-8c52-d46592619bff', 'e9736b68-435b-4363-9f38-7c1caad7dd4d', NULL, 'Google Analytics', NULL, 'Analytics', '2026-01-17 02:48:25', '2026-01-17 02:48:25');
INSERT IGNORE INTO `cv_variant_skills` (`id`, `cv_variant_id`, `original_skill_id`, `name`, `level`, `category`, `created_at`, `updated_at`) VALUES ('b759a6e6-a97d-40bb-b31a-68488ad089fe', 'f6cc0060-c833-4880-aed6-a9899184afc9', NULL, 'Google Analytics', NULL, 'Analytics', '2026-01-17 13:38:12', '2026-01-17 13:38:12');
INSERT IGNORE INTO `cv_variant_skills` (`id`, `cv_variant_id`, `original_skill_id`, `name`, `level`, `category`, `created_at`, `updated_at`) VALUES ('bb799f0a-78e6-44d0-b4d5-8a3891f16248', '8f0fb333-b35b-4545-ab63-9d1bdcc26c6d', '58da22a2-d178-40a4-a9f9-206ed58c716a', 'React', NULL, 'Frontend', '2026-01-17 01:10:41', '2026-01-17 01:10:41');
INSERT IGNORE INTO `cv_variant_skills` (`id`, `cv_variant_id`, `original_skill_id`, `name`, `level`, `category`, `created_at`, `updated_at`) VALUES ('bee1adda-66a2-4fec-b68b-a157183b51f9', 'ee17a059-cac2-4799-a7d5-f7bc79c74914', NULL, 'Google Analytics', NULL, 'Analytics', '2026-01-17 13:47:14', '2026-01-17 13:47:14');
INSERT IGNORE INTO `cv_variant_skills` (`id`, `cv_variant_id`, `original_skill_id`, `name`, `level`, `category`, `created_at`, `updated_at`) VALUES ('bf1214f6-c455-4b55-860b-54e8fae7b29e', '041e4f03-9112-4fdc-9128-627d5b98d9db', '322e41c6-c7dd-4f06-948b-db34528c4eac', 'Adobe Creative Suite', NULL, 'Design', '2026-01-17 02:22:01', '2026-01-17 02:22:01');
INSERT IGNORE INTO `cv_variant_skills` (`id`, `cv_variant_id`, `original_skill_id`, `name`, `level`, `category`, `created_at`, `updated_at`) VALUES ('cbbf6674-b38b-4bf4-8f44-69e97beda277', 'f6cc0060-c833-4880-aed6-a9899184afc9', NULL, 'Adobe Creative Suite', NULL, 'Design', '2026-01-17 13:38:12', '2026-01-17 13:38:12');
INSERT IGNORE INTO `cv_variant_skills` (`id`, `cv_variant_id`, `original_skill_id`, `name`, `level`, `category`, `created_at`, `updated_at`) VALUES ('cded8ddc-31d5-4153-b35c-16a7ddc7cbde', 'ee17a059-cac2-4799-a7d5-f7bc79c74914', NULL, 'Team Leadership', NULL, 'Management', '2026-01-17 13:47:14', '2026-01-17 13:47:14');
INSERT IGNORE INTO `cv_variant_skills` (`id`, `cv_variant_id`, `original_skill_id`, `name`, `level`, `category`, `created_at`, `updated_at`) VALUES ('d3bb96c1-b3f9-484d-8502-e3be4d787eb3', '8f0fb333-b35b-4545-ab63-9d1bdcc26c6d', 'fea7ce58-5fef-417d-bd1e-04b955961e74', 'AWS', NULL, 'Cloud', '2026-01-17 01:10:41', '2026-01-17 01:10:41');
INSERT IGNORE INTO `cv_variant_skills` (`id`, `cv_variant_id`, `original_skill_id`, `name`, `level`, `category`, `created_at`, `updated_at`) VALUES ('ded52dbb-d1bc-456b-9e26-fc215fb10cbe', '0e716ccd-bfac-47f2-9a8c-5f32ef35ed00', '9b83acbf-3cc5-441a-85b5-a8d8e2a499de', 'User Research', NULL, 'UX', '2026-01-17 01:10:41', '2026-01-17 01:10:41');
INSERT IGNORE INTO `cv_variant_skills` (`id`, `cv_variant_id`, `original_skill_id`, `name`, `level`, `category`, `created_at`, `updated_at`) VALUES ('df06fa18-5685-4971-8198-a574ccf7cbf1', '8f0fb333-b35b-4545-ab63-9d1bdcc26c6d', '5a6943b4-a31f-42e0-a943-a800f576344b', 'JavaScript', NULL, 'Programming', '2026-01-17 01:10:41', '2026-01-17 01:10:41');
INSERT IGNORE INTO `cv_variant_skills` (`id`, `cv_variant_id`, `original_skill_id`, `name`, `level`, `category`, `created_at`, `updated_at`) VALUES ('df93a8cc-367b-437c-8e03-eab7f4b22c5e', '8f0fb333-b35b-4545-ab63-9d1bdcc26c6d', 'a79bdf48-d49d-4191-982a-7588830798cc', 'Docker', NULL, 'DevOps', '2026-01-17 01:10:41', '2026-01-17 01:10:41');
INSERT IGNORE INTO `cv_variant_skills` (`id`, `cv_variant_id`, `original_skill_id`, `name`, `level`, `category`, `created_at`, `updated_at`) VALUES ('ea02ce4f-ff0f-47ad-823e-57ed3b9e2a12', 'e9736b68-435b-4363-9f38-7c1caad7dd4d', NULL, 'Adobe Creative Suite', NULL, 'Design', '2026-01-17 02:48:25', '2026-01-17 02:48:25');
INSERT IGNORE INTO `cv_variant_skills` (`id`, `cv_variant_id`, `original_skill_id`, `name`, `level`, `category`, `created_at`, `updated_at`) VALUES ('f0ce589d-4854-40c1-a970-dd4a3905817b', 'e9736b68-435b-4363-9f38-7c1caad7dd4d', NULL, 'Digital Marketing', NULL, 'Marketing', '2026-01-17 02:48:25', '2026-01-17 02:48:25');
INSERT IGNORE INTO `cv_variant_skills` (`id`, `cv_variant_id`, `original_skill_id`, `name`, `level`, `category`, `created_at`, `updated_at`) VALUES ('f1a9c267-f3a1-4352-9c5f-ae14f17f69cf', 'e9736b68-435b-4363-9f38-7c1caad7dd4d', NULL, 'Social Media Marketing', NULL, 'Marketing', '2026-01-17 02:48:25', '2026-01-17 02:48:25');
INSERT IGNORE INTO `cv_variant_skills` (`id`, `cv_variant_id`, `original_skill_id`, `name`, `level`, `category`, `created_at`, `updated_at`) VALUES ('f5be8422-a851-4934-98aa-1c90d5c9e78b', '041e4f03-9112-4fdc-9128-627d5b98d9db', '1a832afd-07ee-4d81-aedc-253a5133f8af', 'Digital Marketing', NULL, 'Marketing', '2026-01-17 02:22:01', '2026-01-17 02:22:01');
INSERT IGNORE INTO `cv_variant_skills` (`id`, `cv_variant_id`, `original_skill_id`, `name`, `level`, `category`, `created_at`, `updated_at`) VALUES ('fd33b2f9-e5f7-4945-a058-59129be87ff7', '0e716ccd-bfac-47f2-9a8c-5f32ef35ed00', 'a3adca76-b59b-4eb3-b0ff-0647e93944ee', 'Figma', NULL, 'Design Tools', '2026-01-17 01:10:41', '2026-01-17 01:10:41');

-- =====================================================
-- Data for table: cv_variant_work_experience
-- =====================================================

INSERT IGNORE INTO `cv_variant_work_experience` (`id`, `cv_variant_id`, `original_work_experience_id`, `company_name`, `position`, `start_date`, `end_date`, `description`, `sort_order`, `hide_date`, `created_at`, `updated_at`) VALUES ('14deaca4-ef24-4b61-9cf7-83975a963b59', 'f6cc0060-c833-4880-aed6-a9899184afc9', '65b6fe28-c3e6-4aa3-a4d6-a561c363b8fe', 'Creative Agency Group', 'Marketing Manager', '2017-06-01', '2020-02-28', 'Managed marketing campaigns for multiple B2B and B2C clients, focusing on content strategy and social media engagement.', 1, 0, '2026-01-17 13:38:12', '2026-01-17 13:38:12');
INSERT IGNORE INTO `cv_variant_work_experience` (`id`, `cv_variant_id`, `original_work_experience_id`, `company_name`, `position`, `start_date`, `end_date`, `description`, `sort_order`, `hide_date`, `created_at`, `updated_at`) VALUES ('3d2718ca-261a-433d-8133-a3e81d7c4173', 'ee17a059-cac2-4799-a7d5-f7bc79c74914', '7b592591-3fbc-4de4-8286-cf3eb8de2e7e', 'Digital Solutions Ltd', 'Senior Marketing Manager', '2020-03-01', NULL, 'Leading marketing strategy for a growing SaaS company, managing brand positioning, digital campaigns, and customer acquisition across UK and European markets.', 0, 0, '2026-01-17 13:47:14', '2026-01-17 13:47:14');
INSERT IGNORE INTO `cv_variant_work_experience` (`id`, `cv_variant_id`, `original_work_experience_id`, `company_name`, `position`, `start_date`, `end_date`, `description`, `sort_order`, `hide_date`, `created_at`, `updated_at`) VALUES ('5700d334-93de-450a-9d3f-87c9c4f4fd9a', '9ac72734-eb11-4371-b1d6-2a3548c04d67', '90c55a16-19b8-4ae6-81cd-a898a8c6ab52', 'TechForward Ltd', 'Senior Marketing Manager', '2020-03-01', NULL, 'Led comprehensive marketing strategy for a growing B2B SaaS company, managing brand positioning, digital campaigns, and customer acquisition across UK and European markets.', 0, 0, '2026-01-15 17:21:41', '2026-01-15 20:21:51');
INSERT IGNORE INTO `cv_variant_work_experience` (`id`, `cv_variant_id`, `original_work_experience_id`, `company_name`, `position`, `start_date`, `end_date`, `description`, `sort_order`, `hide_date`, `created_at`, `updated_at`) VALUES ('65b6fe28-c3e6-4aa3-a4d6-a561c363b8fe', 'e9736b68-435b-4363-9f38-7c1caad7dd4d', NULL, 'Creative Agency Group', 'Marketing Manager', '2017-06-01', '2020-02-28', 'Managed marketing campaigns for multiple B2B and B2C clients, focusing on content strategy and social media engagement.', 1, 0, '2026-01-17 02:48:25', '2026-01-17 02:48:25');
INSERT IGNORE INTO `cv_variant_work_experience` (`id`, `cv_variant_id`, `original_work_experience_id`, `company_name`, `position`, `start_date`, `end_date`, `description`, `sort_order`, `hide_date`, `created_at`, `updated_at`) VALUES ('7b592591-3fbc-4de4-8286-cf3eb8de2e7e', 'e9736b68-435b-4363-9f38-7c1caad7dd4d', NULL, 'Digital Solutions Ltd', 'Senior Marketing Manager', '2020-03-01', NULL, 'Leading marketing strategy for a growing SaaS company, managing brand positioning, digital campaigns, and customer acquisition across UK and European markets.', 0, 0, '2026-01-17 02:48:25', '2026-01-17 02:48:25');
INSERT IGNORE INTO `cv_variant_work_experience` (`id`, `cv_variant_id`, `original_work_experience_id`, `company_name`, `position`, `start_date`, `end_date`, `description`, `sort_order`, `hide_date`, `created_at`, `updated_at`) VALUES ('81415c52-6180-4e90-bb22-aaa59a3d0121', '8f0fb333-b35b-4545-ab63-9d1bdcc26c6d', '0b5e14b1-076f-4863-b0d3-463e131e940f', 'Startup Innovations', 'Full-Stack Developer', '2016-05-01', '2018-12-31', 'Developed web applications from concept to deployment, working across the entire stack.', 1, 0, '2026-01-17 01:10:41', '2026-01-17 01:10:41');
INSERT IGNORE INTO `cv_variant_work_experience` (`id`, `cv_variant_id`, `original_work_experience_id`, `company_name`, `position`, `start_date`, `end_date`, `description`, `sort_order`, `hide_date`, `created_at`, `updated_at`) VALUES ('90d7e419-2cb7-4edc-9ea4-501918ebbca5', 'f6cc0060-c833-4880-aed6-a9899184afc9', '7b592591-3fbc-4de4-8286-cf3eb8de2e7e', 'Digital Solutions Ltd', 'Senior Marketing Manager', '2020-03-01', NULL, 'Leading marketing strategy for a growing SaaS company, managing brand positioning, digital campaigns, and customer acquisition across UK and European markets.', 0, 0, '2026-01-17 13:38:12', '2026-01-17 13:38:12');
INSERT IGNORE INTO `cv_variant_work_experience` (`id`, `cv_variant_id`, `original_work_experience_id`, `company_name`, `position`, `start_date`, `end_date`, `description`, `sort_order`, `hide_date`, `created_at`, `updated_at`) VALUES ('91e68349-4194-445d-963b-1729e3e6af13', '0e716ccd-bfac-47f2-9a8c-5f32ef35ed00', '3b36fcf7-33cf-4a70-a6c4-404acb61333c', 'Creative Agency', 'UI Designer', '2016-03-01', '2018-07-31', 'Designed user interfaces for various client projects including e-commerce sites and mobile apps.', 1, 0, '2026-01-17 01:10:41', '2026-01-17 01:10:41');
INSERT IGNORE INTO `cv_variant_work_experience` (`id`, `cv_variant_id`, `original_work_experience_id`, `company_name`, `position`, `start_date`, `end_date`, `description`, `sort_order`, `hide_date`, `created_at`, `updated_at`) VALUES ('b488cbd3-71fa-4195-8edc-52588cc18434', '8f0fb333-b35b-4545-ab63-9d1bdcc26c6d', 'bc4104bc-3c80-4653-938d-752b68a8e032', 'Web Development Agency', 'Junior Developer', '2014-09-01', '2016-04-30', 'Developed websites and web applications for various clients using modern web technologies.', 2, 0, '2026-01-17 01:10:41', '2026-01-17 01:10:41');
INSERT IGNORE INTO `cv_variant_work_experience` (`id`, `cv_variant_id`, `original_work_experience_id`, `company_name`, `position`, `start_date`, `end_date`, `description`, `sort_order`, `hide_date`, `created_at`, `updated_at`) VALUES ('c4be3fae-d239-4b6d-8217-54c95ccaefa3', '041e4f03-9112-4fdc-9128-627d5b98d9db', '7b592591-3fbc-4de4-8286-cf3eb8de2e7e', 'Digital Solutions Ltd', 'Senior Marketing Manager', '2020-03-01', NULL, 'Leading marketing strategy for a growing SaaS company, managing brand positioning, digital campaigns, and customer acquisition across UK and European markets.', 0, 0, '2026-01-17 01:10:41', '2026-01-17 02:22:01');
INSERT IGNORE INTO `cv_variant_work_experience` (`id`, `cv_variant_id`, `original_work_experience_id`, `company_name`, `position`, `start_date`, `end_date`, `description`, `sort_order`, `hide_date`, `created_at`, `updated_at`) VALUES ('c79b06e4-3162-443c-8782-6a1bbb1a5b27', '0e716ccd-bfac-47f2-9a8c-5f32ef35ed00', '4ea76564-02d8-4efd-bcd9-1a7919f965e7', 'Design Studio Pro', 'Senior UX/UI Designer', '2018-08-01', NULL, 'Leading design for mobile and web applications, conducting user research, and maintaining design systems for various product teams.', 0, 0, '2026-01-17 01:10:41', '2026-01-17 01:10:41');
INSERT IGNORE INTO `cv_variant_work_experience` (`id`, `cv_variant_id`, `original_work_experience_id`, `company_name`, `position`, `start_date`, `end_date`, `description`, `sort_order`, `hide_date`, `created_at`, `updated_at`) VALUES ('d854d0a1-8b77-4442-b7e0-9dd887430e05', '8f0fb333-b35b-4545-ab63-9d1bdcc26c6d', '57c6f8a3-8f20-4bf0-9ce4-d618021faf26', 'CloudTech Solutions', 'Senior Software Engineer', '2019-01-15', NULL, 'Leading development of cloud-based SaaS platforms, working with microservices architecture and modern JavaScript frameworks.', 0, 0, '2026-01-17 01:10:41', '2026-01-17 01:10:41');
INSERT IGNORE INTO `cv_variant_work_experience` (`id`, `cv_variant_id`, `original_work_experience_id`, `company_name`, `position`, `start_date`, `end_date`, `description`, `sort_order`, `hide_date`, `created_at`, `updated_at`) VALUES ('e059170f-ca94-4827-a57b-9f87a62f8f30', 'ee17a059-cac2-4799-a7d5-f7bc79c74914', '65b6fe28-c3e6-4aa3-a4d6-a561c363b8fe', 'Creative Agency Group', 'Marketing Manager', '2017-06-01', '2020-02-28', 'Managed marketing campaigns for multiple B2B and B2C clients, focusing on content strategy and social media engagement.', 1, 0, '2026-01-17 13:47:14', '2026-01-17 13:47:14');
INSERT IGNORE INTO `cv_variant_work_experience` (`id`, `cv_variant_id`, `original_work_experience_id`, `company_name`, `position`, `start_date`, `end_date`, `description`, `sort_order`, `hide_date`, `created_at`, `updated_at`) VALUES ('f3d701c5-4fe7-4a5f-be9c-ae7529d12b47', '041e4f03-9112-4fdc-9128-627d5b98d9db', '65b6fe28-c3e6-4aa3-a4d6-a561c363b8fe', 'Creative Agency Group', 'Marketing Manager', '2017-06-01', '2020-02-28', 'Managed marketing campaigns for multiple B2B and B2C clients, focusing on content strategy and social media engagement.', 1, 0, '2026-01-17 01:10:41', '2026-01-17 02:22:01');

-- =====================================================
-- Data for table: cv_variants
-- =====================================================

INSERT IGNORE INTO `cv_variants` (`id`, `user_id`, `job_application_id`, `variant_name`, `is_master`, `created_from_variant_id`, `ai_generated`, `created_at`, `updated_at`) VALUES ('041e4f03-9112-4fdc-9128-627d5b98d9db', 'ab69b123-3e6a-41e4-b078-ba2e64ae113b', NULL, 'Master CV', 1, NULL, 0, '2026-01-17 01:10:41', '2026-01-17 02:22:01');
INSERT IGNORE INTO `cv_variants` (`id`, `user_id`, `job_application_id`, `variant_name`, `is_master`, `created_from_variant_id`, `ai_generated`, `created_at`, `updated_at`) VALUES ('0e716ccd-bfac-47f2-9a8c-5f32ef35ed00', 'e8e10ee9-04f2-42f6-81b7-90dbae66f78b', NULL, 'Master CV', 1, NULL, 0, '2026-01-17 01:10:41', '2026-01-17 01:10:41');
INSERT IGNORE INTO `cv_variants` (`id`, `user_id`, `job_application_id`, `variant_name`, `is_master`, `created_from_variant_id`, `ai_generated`, `created_at`, `updated_at`) VALUES ('30c0e6cb-92e8-4d3f-959c-b980cbcdec0b', '86124243-4852-4151-9d2c-adc7d2c53ada', NULL, 'Master CV', 1, NULL, 0, '2026-01-15 19:12:13', '2026-01-15 19:12:13');
INSERT IGNORE INTO `cv_variants` (`id`, `user_id`, `job_application_id`, `variant_name`, `is_master`, `created_from_variant_id`, `ai_generated`, `created_at`, `updated_at`) VALUES ('8f0fb333-b35b-4545-ab63-9d1bdcc26c6d', '55ef9605-ed0a-48f4-8cfc-ab6ac350e612', NULL, 'Master CV', 1, NULL, 0, '2026-01-17 01:10:41', '2026-01-17 01:10:41');
INSERT IGNORE INTO `cv_variants` (`id`, `user_id`, `job_application_id`, `variant_name`, `is_master`, `created_from_variant_id`, `ai_generated`, `created_at`, `updated_at`) VALUES ('9ac72734-eb11-4371-b1d6-2a3548c04d67', '80b7c3eb-fdc5-4cd7-95cb-dc975e0095dd', NULL, 'Master CV', 1, NULL, 0, '2026-01-15 17:21:41', '2026-01-15 20:21:51');
INSERT IGNORE INTO `cv_variants` (`id`, `user_id`, `job_application_id`, `variant_name`, `is_master`, `created_from_variant_id`, `ai_generated`, `created_at`, `updated_at`) VALUES ('caf748b0-a37b-4a46-ad94-21c443eba835', 'cdc1fda4-9801-4af9-811d-705a756aef05', NULL, 'Master CV', 1, NULL, 0, '2026-01-15 20:40:19', '2026-01-15 20:40:19');
INSERT IGNORE INTO `cv_variants` (`id`, `user_id`, `job_application_id`, `variant_name`, `is_master`, `created_from_variant_id`, `ai_generated`, `created_at`, `updated_at`) VALUES ('e9736b68-435b-4363-9f38-7c1caad7dd4d', 'ab69b123-3e6a-41e4-b078-ba2e64ae113b', '5aaa76d1-b93c-452d-95c4-75a7010aca6f', 'AI-Generated CV', 0, '041e4f03-9112-4fdc-9128-627d5b98d9db', 1, '2026-01-17 02:48:25', '2026-01-17 02:48:25');
INSERT IGNORE INTO `cv_variants` (`id`, `user_id`, `job_application_id`, `variant_name`, `is_master`, `created_from_variant_id`, `ai_generated`, `created_at`, `updated_at`) VALUES ('ee17a059-cac2-4799-a7d5-f7bc79c74914', 'ab69b123-3e6a-41e4-b078-ba2e64ae113b', 'ad3d4eec-f0c3-4fd9-9822-95213d3f9849', 'Third CV', 0, '041e4f03-9112-4fdc-9128-627d5b98d9db', 1, '2026-01-17 13:47:14', '2026-01-17 13:47:14');
INSERT IGNORE INTO `cv_variants` (`id`, `user_id`, `job_application_id`, `variant_name`, `is_master`, `created_from_variant_id`, `ai_generated`, `created_at`, `updated_at`) VALUES ('f6cc0060-c833-4880-aed6-a9899184afc9', 'ab69b123-3e6a-41e4-b078-ba2e64ae113b', 'cf0cbeb5-3c3c-4cee-b9b3-9d56a38d8e08', 'Second-CV', 0, '041e4f03-9112-4fdc-9128-627d5b98d9db', 1, '2026-01-17 13:38:12', '2026-01-17 13:38:12');

-- =====================================================
-- Data for table: education
-- =====================================================

INSERT IGNORE INTO `education` (`id`, `profile_id`, `institution`, `degree`, `field_of_study`, `start_date`, `end_date`, `created_at`, `updated_at`) VALUES ('2cff405c-6a23-41aa-b834-d6849f95914d', 'ab69b123-3e6a-41e4-b078-ba2e64ae113b', 'University of Manchester', 'Bachelor of Arts in Marketing', 'Marketing', '2012-09-01', '2016-06-30', '2026-01-17 01:10:41', '2026-01-17 01:10:41');
INSERT IGNORE INTO `education` (`id`, `profile_id`, `institution`, `degree`, `field_of_study`, `start_date`, `end_date`, `created_at`, `updated_at`) VALUES ('2d5763b8-85b4-4baa-aab8-937afc40a569', 'e8e10ee9-04f2-42f6-81b7-90dbae66f78b', 'Birmingham City University', 'Bachelor of Arts in Graphic Design', 'Graphic Design', '2013-09-01', '2016-06-30', '2026-01-17 01:10:41', '2026-01-17 01:10:41');
INSERT IGNORE INTO `education` (`id`, `profile_id`, `institution`, `degree`, `field_of_study`, `start_date`, `end_date`, `created_at`, `updated_at`) VALUES ('b6dd8988-d0d3-4f2f-81b0-aa1825e3a23a', '55ef9605-ed0a-48f4-8cfc-ab6ac350e612', 'University of Edinburgh', 'Bachelor of Science in Computer Science', 'Computer Science', '2011-09-01', '2014-06-30', '2026-01-17 01:10:41', '2026-01-17 01:10:41');

-- =====================================================
-- Data for table: interests
-- =====================================================

INSERT IGNORE INTO `interests` (`id`, `profile_id`, `name`, `description`, `created_at`, `updated_at`) VALUES ('d5a12632-b8e4-49ac-9fd3-edc088a714c6', '80b7c3eb-fdc5-4cd7-95cb-dc975e0095dd', 'Photography', 'I\'m passionate about street photography and documenting everyday moments in Edinburgh. I regularly share my work on Instagram and have had several photos featured in local exhibitions.', '2026-01-15 01:40:00', '2026-01-15 01:40:00');
INSERT IGNORE INTO `interests` (`id`, `profile_id`, `name`, `description`, `created_at`, `updated_at`) VALUES ('d8d44937-8a1d-4dff-8f19-10561d5c3d07', '80b7c3eb-fdc5-4cd7-95cb-dc975e0095dd', 'Trail Running', 'I enjoy exploring Scotland\'s trails and hills, regularly participating in 10K-25K trail races. Running helps me clear my mind and approach challenges with fresh perspective.', '2026-01-15 01:40:00', '2026-01-15 01:40:00');

-- =====================================================
-- Data for table: job_applications
-- =====================================================

INSERT IGNORE INTO `job_applications` (`id`, `user_id`, `company_name`, `job_title`, `job_description`, `application_date`, `status`, `salary_range`, `job_location`, `remote_type`, `application_url`, `notes`, `next_follow_up`, `had_interview`, `created_at`, `updated_at`) VALUES ('143198ab-b7df-4ac7-81d8-6ac9c5fdd8da', '86124243-4852-4151-9d2c-adc7d2c53ada', 'wewe', 'wewe', 'ewew', '2026-01-15 00:00:00', 'applied', '', '', 'onsite', 'http://localhost:8000/admin/entra-settings.php', 'Lorem Ipsum is simply dummy text of the printing and typesetting industry. Lorem Ipsum has been the industry&#039;s standard dummy text ever since the 1500s, when an unknown printer took a galley of type and scrambled it to make a type specimen book. It has survived not only five centuries, but also the leap into electronic typesetting, remaining essentially unchanged. It was popularised in the 1960s with the release of Letraset sheets containing Lorem Ipsum passages, and more recently with desktop publishing software like Aldus PageMaker including versions of Lorem Ipsum.\nWhy do we use it?\n\nIt is a long established fact that a reader will be distracted by the readable content of a page when looking at its layout. The point of using Lorem Ipsum is that it has a more-or-less normal distribution of letters, as opposed to using &#039;Content here, content here&#039;, making it look like readable English. Many desktop publishing packages and web page editors now use Lorem Ipsum as their default model text, and a search for &#039;lorem ipsum&#039; will uncover many web sites still in their infancy. Various versions have evolved over the years, sometimes by accident, sometimes on purpose (injected humour and the like).\n\nWhere does it come from?\n\nContrary to popular belief, Lorem Ipsum is not simply random text. It has roots in a piece of classical Latin literature from 45 BC, making it over 2000 years old. Richard McClintock, a Latin professor at Hampden-Sydney College in Virginia, looked up one of the more obscure Latin words, consectetur, from a Lorem Ipsum passage, and going through the cites of the word in classical literature, discovered the undoubtable source. Lorem Ipsum comes from sections 1.10.32 and 1.10.33 of &quot;de Finibus Bonorum et Malorum&quot; (The Extremes of Good and Evil) by Cicero, written in 45 BC. This book is a treatise on the theory of ethics, very popular during the Renaissance. The first line of Lorem Ipsum, &quot;Lorem ipsum dolor sit amet..&quot;, comes from a line in section 1.10.32.\n\nThe standard chunk of Lorem Ipsum used since the 1500s is reproduced below for those interested. Sections 1.10.32 and 1.10.33 from &quot;de Finibus Bonorum et Malorum&quot; by Cicero are also reproduced in their exact original form, accompanied by English versions from the 1914 translation by H. Rackham.\nLorem Ipsum is simply dummy text of the printing and typesetting industry. Lorem Ipsum has been the industry&#039;s standard dummy text ever since the 1500s, when an unknown printer took a galley of type and scrambled it to make a type specimen book. It has survived not only five centuries, but also the leap into electronic typesetting, remaining essentially unchanged. It was popularised in the 1960s with the release of Letraset sheets containing Lorem Ipsum passages, and more recently with desktop publishing software like Aldus PageMaker including versions of Lorem Ipsum.\nWhy do we use it?\n\nIt is a long established fact that a reader will be distracted by the readable content of a page when looking at its layout. The point of using Lorem Ipsum is that it has a more-or-less normal distribution of letters, as opposed to using &#039;Content here, content here&#039;, making it look like readable English. Many desktop publishing packages and web page editors now use Lorem Ipsum as their default model text, and a search for &#039;lorem ipsum&#039; will uncover many web sites still in their infancy. Various versions have evolved over the years, sometimes by accident, sometimes on purpose (injected humour and the like).\n\nWhere does it come from?\n\nContrary to popular belief, Lorem Ipsum is not simply random text. It has roots in a piece of classical Latin literature from 45 BC, making it over 2000 years old. Richard McClintock, a Latin professor at Hampden-Sydney College in Virginia, looked up one of the more obscure Latin words, consectetur, from a Lorem Ipsum passage, and going through the cites of the word in classical literature, discovered the undoubtable source. Lorem Ipsum comes from sections 1.10.32 and 1.10.33 of &quot;de Finibus Bonorum et Malorum&quot; (The Extremes of Good and Evil) by Cicero, written in 45 BC. This book is a treatise on the theory of ethics, very popular during the Renaissance. The first line of Lorem Ipsum, &quot;Lorem ipsum dolor sit amet..&quot;, comes from a line in section 1.10.32.\n\nThe standard chunk of Lorem Ipsum used since the 1500s is reproduced below for those interested. Sections 1.10.32 and 1.10.33 from &quot;de Finibus Bonorum et Malorum&quot; by Cicero are also reproduced in their exact original form, accompanied by English versions from the 1914 translation by H. Rackham.', NULL, 0, '2026-01-15 03:55:28', '2026-01-15 04:08:34');
INSERT IGNORE INTO `job_applications` (`id`, `user_id`, `company_name`, `job_title`, `job_description`, `application_date`, `status`, `salary_range`, `job_location`, `remote_type`, `application_url`, `notes`, `next_follow_up`, `had_interview`, `created_at`, `updated_at`) VALUES ('15db10f4-c629-48dd-b753-108d178513d2', 'e8e10ee9-04f2-42f6-81b7-90dbae66f78b', 'Product Innovations Ltd', 'Lead Product Designer', 'We are seeking a Lead Product Designer to join our product team. The ideal candidate will have extensive UX/UI design experience, strong leadership skills, and experience with design systems.', '2026-01-13 00:00:00', 'applied', '60,000 - 80,000', 'Birmingham', 'hybrid', NULL, NULL, NULL, 0, '2026-01-17 01:10:41', '2026-01-17 01:10:41');
INSERT IGNORE INTO `job_applications` (`id`, `user_id`, `company_name`, `job_title`, `job_description`, `application_date`, `status`, `salary_range`, `job_location`, `remote_type`, `application_url`, `notes`, `next_follow_up`, `had_interview`, `created_at`, `updated_at`) VALUES ('30a95a5f-afce-45fb-985b-ad3ab1955063', 'e8e10ee9-04f2-42f6-81b7-90dbae66f78b', 'Tech Startup Co', 'Senior UX Designer', 'Senior UX Designer needed to lead user research and design initiatives for our mobile-first platform.', '2026-01-16 00:00:00', 'applied', '55,000 - 75,000', 'London', 'remote', NULL, NULL, NULL, 0, '2026-01-17 01:10:41', '2026-01-17 01:10:41');
INSERT IGNORE INTO `job_applications` (`id`, `user_id`, `company_name`, `job_title`, `job_description`, `application_date`, `status`, `salary_range`, `job_location`, `remote_type`, `application_url`, `notes`, `next_follow_up`, `had_interview`, `created_at`, `updated_at`) VALUES ('5aaa76d1-b93c-452d-95c4-75a7010aca6f', 'ab69b123-3e6a-41e4-b078-ba2e64ae113b', 'Global Media Group', 'Marketing Director', 'Marketing Director position available for a strategic leader to oversee our marketing operations across multiple markets. Requires extensive experience in brand management and international marketing.', '2026-01-15 00:00:00', 'applied', '80,000 - 100,000', 'London', 'hybrid', NULL, NULL, NULL, 0, '2026-01-17 01:10:41', '2026-01-17 01:10:41');
INSERT IGNORE INTO `job_applications` (`id`, `user_id`, `company_name`, `job_title`, `job_description`, `application_date`, `status`, `salary_range`, `job_location`, `remote_type`, `application_url`, `notes`, `next_follow_up`, `had_interview`, `created_at`, `updated_at`) VALUES ('5ad1056b-323d-4b95-b21b-926388b33d9e', '55ef9605-ed0a-48f4-8cfc-ab6ac350e612', 'BigTech Inc', 'Principal Software Engineer', 'We are looking for a Principal Software Engineer to lead our platform engineering team. The ideal candidate will have extensive experience with cloud architecture, microservices, and leading technical teams.', '2026-01-10 00:00:00', 'interviewing', '85,000 - 110,000', 'London', 'remote', NULL, 'Technical interview completed, waiting for next round', NULL, 0, '2026-01-17 01:10:41', '2026-01-17 01:10:41');
INSERT IGNORE INTO `job_applications` (`id`, `user_id`, `company_name`, `job_title`, `job_description`, `application_date`, `status`, `salary_range`, `job_location`, `remote_type`, `application_url`, `notes`, `next_follow_up`, `had_interview`, `created_at`, `updated_at`) VALUES ('5c6ad43f-2c6a-4558-b477-3e703ef15f60', '55ef9605-ed0a-48f4-8cfc-ab6ac350e612', 'FinTech Solutions', 'Senior Full-Stack Engineer', 'Senior Full-Stack Engineer needed for our growing fintech platform. Must have strong experience with React, Node.js, and cloud technologies.', '2026-01-14 00:00:00', 'applied', '65,000 - 85,000', 'Edinburgh', 'hybrid', NULL, NULL, NULL, 0, '2026-01-17 01:10:41', '2026-01-17 01:10:41');
INSERT IGNORE INTO `job_applications` (`id`, `user_id`, `company_name`, `job_title`, `job_description`, `application_date`, `status`, `salary_range`, `job_location`, `remote_type`, `application_url`, `notes`, `next_follow_up`, `had_interview`, `created_at`, `updated_at`) VALUES ('6f44784d-030f-492a-9758-da370900bff4', '86124243-4852-4151-9d2c-adc7d2c53ada', 'rerere', 'Head of Managers', 'ererer', '2026-01-14 00:00:00', 'applied', '', '', 'remote', 'http://localhost:8000/admin/entra-settings.php', '', NULL, 0, '2026-01-14 22:06:35', '2026-01-14 22:06:35');
INSERT IGNORE INTO `job_applications` (`id`, `user_id`, `company_name`, `job_title`, `job_description`, `application_date`, `status`, `salary_range`, `job_location`, `remote_type`, `application_url`, `notes`, `next_follow_up`, `had_interview`, `created_at`, `updated_at`) VALUES ('ad3d4eec-f0c3-4fd9-9822-95213d3f9849', 'ab69b123-3e6a-41e4-b078-ba2e64ae113b', 'TechCorp International', 'Head of Marketing', 'We are seeking an experienced Head of Marketing to lead our global marketing team. The ideal candidate will have 8+ years of marketing experience, strong leadership skills, and a proven track record in B2B SaaS marketing.', '2026-01-07 00:00:00', 'interviewing', '70,000 - 90,000', 'London', 'hybrid', NULL, 'Second interview scheduled for next week', NULL, 0, '2026-01-17 01:10:41', '2026-01-17 01:10:41');
INSERT IGNORE INTO `job_applications` (`id`, `user_id`, `company_name`, `job_title`, `job_description`, `application_date`, `status`, `salary_range`, `job_location`, `remote_type`, `application_url`, `notes`, `next_follow_up`, `had_interview`, `created_at`, `updated_at`) VALUES ('cf0cbeb5-3c3c-4cee-b9b3-9d56a38d8e08', 'ab69b123-3e6a-41e4-b078-ba2e64ae113b', 'Innovative Brands Ltd', 'Senior Marketing Manager', 'Looking for a Senior Marketing Manager to drive growth through innovative marketing strategies. Must have experience with digital campaigns, team management, and brand development.', '2026-01-12 00:00:00', 'applied', '55,000 - 75,000', 'Manchester', 'remote', NULL, NULL, NULL, 0, '2026-01-17 01:10:41', '2026-01-17 01:10:41');

-- =====================================================
-- Data for table: organisation_members
-- =====================================================

INSERT IGNORE INTO `organisation_members` (`id`, `organisation_id`, `user_id`, `role`, `is_active`, `invited_by`, `joined_at`, `created_at`, `updated_at`) VALUES ('55d653cc-32e7-4527-a1e4-43665b37bf77', '8de83533-575c-4136-a636-8a16edabf912', 'cdc1fda4-9801-4af9-811d-705a756aef05', 'admin', 1, '86124243-4852-4151-9d2c-adc7d2c53ada', '2026-01-14 17:58:58', '2026-01-14 17:58:58', '2026-01-14 17:58:58');

-- =====================================================
-- Data for table: organisations
-- =====================================================

INSERT IGNORE INTO `organisations` (`id`, `name`, `slug`, `custom_domain`, `logo_url`, `primary_colour`, `secondary_colour`, `plan`, `subscription_status`, `stripe_customer_id`, `stripe_subscription_id`, `subscription_current_period_end`, `subscription_cancel_at`, `max_candidates`, `max_team_members`, `default_cv_visibility`, `allow_candidate_self_registration`, `require_candidate_approval`, `created_at`, `updated_at`, `org_ai_service_preference`, `org_openai_api_key`, `org_anthropic_api_key`, `org_gemini_api_key`, `org_grok_api_key`, `org_ollama_base_url`, `org_ollama_model`, `org_browser_ai_model`, `org_ai_enabled`) VALUES ('8de83533-575c-4136-a636-8a16edabf912', 'Test Org', 'this-organisation', NULL, NULL, '#4338ca', '#7e22ce', 'agency_basic', 'active', NULL, NULL, NULL, NULL, 10, 3, 'organisation', 0, 1, '2026-01-14 17:51:22', '2026-01-18 15:59:34', 'browser', NULL, NULL, NULL, NULL, NULL, NULL, 'llama3.2', 1);

-- =====================================================
-- Data for table: professional_memberships
-- =====================================================

INSERT IGNORE INTO `professional_memberships` (`id`, `profile_id`, `organisation`, `role`, `start_date`, `end_date`, `created_at`, `updated_at`) VALUES ('415284f5-3b2a-4c48-9062-24a20b62715f', '80b7c3eb-fdc5-4cd7-95cb-dc975e0095dd', 'Chartered Institute of Marketing (CIM)', 'Member', '2019-09-01', NULL, '2026-01-15 01:40:00', '2026-01-15 01:40:00');

-- =====================================================
-- Data for table: professional_qualification_equivalence
-- =====================================================

INSERT IGNORE INTO `professional_qualification_equivalence` (`id`, `profile_id`, `level`, `description`, `created_at`, `updated_at`) VALUES ('87e681fc-d5a3-49ec-bcd4-20f96b7671da', '80b7c3eb-fdc5-4cd7-95cb-dc975e0095dd', 'Bachelor\'s Degree Equivalent', 'Over 12 years of professional marketing experience combined with advanced certifications in digital marketing, analytics, and content strategy. My expertise encompasses strategic planning, team leadership, and measurable business impact across multiple sectors, demonstrating depth of knowledge equivalent to formal degree qualifications in marketing and communications.', '2026-01-15 01:40:00', '2026-01-15 01:40:00');

-- =====================================================
-- Data for table: professional_summary
-- =====================================================

INSERT IGNORE INTO `professional_summary` (`id`, `profile_id`, `description`, `created_at`, `updated_at`) VALUES ('c5f9d7ed-863f-4da5-92e5-350aba6524f3', '55ef9605-ed0a-48f4-8cfc-ab6ac350e612', 'Full-stack software engineer with 10 years of experience building scalable web applications. Expert in Python, JavaScript, React, and cloud technologies. Passionate about clean code, agile methodologies, and mentoring junior developers.', '2026-01-17 01:10:41', '2026-01-17 01:10:41');
INSERT IGNORE INTO `professional_summary` (`id`, `profile_id`, `description`, `created_at`, `updated_at`) VALUES ('d2279ddb-c0b4-4773-8490-ed88b6ca5d2a', 'e8e10ee9-04f2-42f6-81b7-90dbae66f78b', 'Creative UX/UI designer with 7 years of experience designing intuitive digital products. Expert in user research, prototyping, and design systems. Passionate about creating user-centered designs that solve real problems.', '2026-01-17 01:10:41', '2026-01-17 01:10:41');
INSERT IGNORE INTO `professional_summary` (`id`, `profile_id`, `description`, `created_at`, `updated_at`) VALUES ('d3121c20-7569-433f-a7d4-cebd5dd8d79c', '80b7c3eb-fdc5-4cd7-95cb-dc975e0095dd', 'For over 12 years, I have worked as a marketing and communications professional across technology, education, and creative sectors in the UK and Europe. My expertise spans digital marketing strategy, brand development, content creation, and data-driven campaign management. I specialise in building cohesive marketing strategies that combine creative storytelling with analytical insightsdriving engagement, growing audiences, and delivering measurable business results. My approach balances strategic vision with hands-on execution, working with leadership teams to shape brand direction while collaborating directly with creative and technical teams to bring campaigns to life. More recently, my focus has expanded to AI-driven marketing automation, personalisation at scale, and sustainable marketing practicesdemonstrating how innovation can support growth while maintaining authentic connections with audiences.', '2026-01-15 01:40:00', '2026-01-15 01:40:00');
INSERT IGNORE INTO `professional_summary` (`id`, `profile_id`, `description`, `created_at`, `updated_at`) VALUES ('e8f069c6-e06e-44db-8f21-bd7b29da509c', 'ab69b123-3e6a-41e4-b078-ba2e64ae113b', 'Strategic marketing leader with over 8 years of experience driving growth through digital campaigns, brand development, and data-driven insights. Proven track record of managing cross-functional teams and delivering measurable results in fast-paced environments.', '2026-01-17 01:10:40', '2026-01-17 01:10:40');

-- =====================================================
-- Data for table: profiles
-- =====================================================

INSERT IGNORE INTO `profiles` (`id`, `email`, `password_hash`, `full_name`, `username`, `phone`, `location`, `linkedin_url`, `bio`, `photo_url`, `photo_responsive`, `cv_header_from_color`, `cv_header_to_color`, `date_format_preference`, `email_verified`, `email_verification_token`, `email_verification_expires`, `password_reset_token`, `password_reset_expires`, `show_photo`, `show_photo_pdf`, `show_qr_code`, `plan`, `subscription_status`, `stripe_customer_id`, `stripe_subscription_id`, `subscription_current_period_end`, `subscription_cancel_at`, `template_preference`, `custom_cv_template_html`, `custom_cv_template_css`, `custom_cv_template_active`, `custom_cv_template_description`, `organisation_id`, `account_type`, `managed_by`, `cv_visibility`, `cv_status`, `invitation_token`, `created_at`, `updated_at`, `is_super_admin`, `ai_service_preference`, `ollama_base_url`, `ollama_model`, `openai_api_key`, `anthropic_api_key`, `browser_ai_model`, `cv_rewrite_prompt_instructions`, `gemini_api_key`, `grok_api_key`) VALUES ('55ef9605-ed0a-48f4-8cfc-ab6ac350e612', 'test.software@example.com', '$2y$12$D.8gTgfeuMv7V/V2LYwLbuUXNZKG0xkk0ZGPb.Wpob1/PVvhTzsYW', 'Michael Chen', 'test-software', '0745 234 5678', 'Edinburgh, UK', 'https://www.linkedin.com/in/michael-chen', 'Senior Software Engineer | Full-Stack Development | Cloud Architecture', NULL, NULL, '#4338ca', '#7e22ce', 'dd/mm/yyyy', 1, NULL, NULL, NULL, NULL, 1, 1, 0, 'lifetime', 'active', NULL, NULL, NULL, NULL, 'classic', NULL, NULL, 0, NULL, NULL, 'individual', NULL, 'public', 'draft', NULL, '2026-01-17 01:10:41', '2026-01-17 01:10:41', 0, NULL, NULL, NULL, NULL, NULL, NULL, NULL, NULL, NULL);
INSERT IGNORE INTO `profiles` (`id`, `email`, `password_hash`, `full_name`, `username`, `phone`, `location`, `linkedin_url`, `bio`, `photo_url`, `photo_responsive`, `cv_header_from_color`, `cv_header_to_color`, `date_format_preference`, `email_verified`, `email_verification_token`, `email_verification_expires`, `password_reset_token`, `password_reset_expires`, `show_photo`, `show_photo_pdf`, `show_qr_code`, `plan`, `subscription_status`, `stripe_customer_id`, `stripe_subscription_id`, `subscription_current_period_end`, `subscription_cancel_at`, `template_preference`, `custom_cv_template_html`, `custom_cv_template_css`, `custom_cv_template_active`, `custom_cv_template_description`, `organisation_id`, `account_type`, `managed_by`, `cv_visibility`, `cv_status`, `invitation_token`, `created_at`, `updated_at`, `is_super_admin`, `ai_service_preference`, `ollama_base_url`, `ollama_model`, `openai_api_key`, `anthropic_api_key`, `browser_ai_model`, `cv_rewrite_prompt_instructions`, `gemini_api_key`, `grok_api_key`) VALUES ('80b7c3eb-fdc5-4cd7-95cb-dc975e0095dd', 'noreply@simple-job-tracker.com', '$2y$12$v.WbVP9oxemZeM/CcF9TrebYtKfhrYxbP20WSwJXv7JHH9x94dQgi', 'Example Account', 'simple-cv-example', '0745 081 4167', 'Glasgow', 'https://www.linkedin.com/company/simple-data-cleaner/', 'Strategic Marketing Leader | Digital Innovation | Brand Development', '/static/images/example-account-profile-image/profile-image.png', NULL, '#2563eb', '#2563eb', 'dd/mm/yyyy', 1, NULL, NULL, NULL, NULL, 1, 1, 0, 'free', 'inactive', NULL, NULL, NULL, NULL, 'classic', NULL, NULL, 0, NULL, NULL, 'individual', NULL, 'public', 'draft', NULL, '2026-01-15 01:40:00', '2026-01-16 13:20:36', 0, NULL, NULL, NULL, NULL, NULL, NULL, NULL, NULL, NULL);
INSERT IGNORE INTO `profiles` (`id`, `email`, `password_hash`, `full_name`, `username`, `phone`, `location`, `linkedin_url`, `bio`, `photo_url`, `photo_responsive`, `cv_header_from_color`, `cv_header_to_color`, `date_format_preference`, `email_verified`, `email_verification_token`, `email_verification_expires`, `password_reset_token`, `password_reset_expires`, `show_photo`, `show_photo_pdf`, `show_qr_code`, `plan`, `subscription_status`, `stripe_customer_id`, `stripe_subscription_id`, `subscription_current_period_end`, `subscription_cancel_at`, `template_preference`, `custom_cv_template_html`, `custom_cv_template_css`, `custom_cv_template_active`, `custom_cv_template_description`, `organisation_id`, `account_type`, `managed_by`, `cv_visibility`, `cv_status`, `invitation_token`, `created_at`, `updated_at`, `is_super_admin`, `ai_service_preference`, `ollama_base_url`, `ollama_model`, `openai_api_key`, `anthropic_api_key`, `browser_ai_model`, `cv_rewrite_prompt_instructions`, `gemini_api_key`, `grok_api_key`) VALUES ('86124243-4852-4151-9d2c-adc7d2c53ada', 'williamjamesellis@outlook.com', '$2y$12$WrtWyMDTy4YoAi0HWj8N3edWH.R8RTNiVFeyqUe1pFvPNmu.Ptdbi', 'william ellis', 'wellis', NULL, NULL, NULL, NULL, NULL, NULL, '#4338ca', '#7e22ce', 'dd/mm/yyyy', 1, NULL, NULL, NULL, NULL, 0, 0, 1, 'free', 'inactive', NULL, NULL, NULL, NULL, 'classic', NULL, NULL, 0, NULL, NULL, 'individual', NULL, 'public', 'draft', NULL, '2026-01-14 17:44:27', '2026-01-14 17:47:37', 1, NULL, NULL, NULL, NULL, NULL, NULL, NULL, NULL, NULL);
INSERT IGNORE INTO `profiles` (`id`, `email`, `password_hash`, `full_name`, `username`, `phone`, `location`, `linkedin_url`, `bio`, `photo_url`, `photo_responsive`, `cv_header_from_color`, `cv_header_to_color`, `date_format_preference`, `email_verified`, `email_verification_token`, `email_verification_expires`, `password_reset_token`, `password_reset_expires`, `show_photo`, `show_photo_pdf`, `show_qr_code`, `plan`, `subscription_status`, `stripe_customer_id`, `stripe_subscription_id`, `subscription_current_period_end`, `subscription_cancel_at`, `template_preference`, `custom_cv_template_html`, `custom_cv_template_css`, `custom_cv_template_active`, `custom_cv_template_description`, `organisation_id`, `account_type`, `managed_by`, `cv_visibility`, `cv_status`, `invitation_token`, `created_at`, `updated_at`, `is_super_admin`, `ai_service_preference`, `ollama_base_url`, `ollama_model`, `openai_api_key`, `anthropic_api_key`, `browser_ai_model`, `cv_rewrite_prompt_instructions`, `gemini_api_key`, `grok_api_key`) VALUES ('ab69b123-3e6a-41e4-b078-ba2e64ae113b', 'test.marketing@example.com', '$2y$12$oU6qBca7aogi7rQ7xE0OgOvPP.TojxUSxt5187TavTN0Oh8FSFb1q', 'Sarah Johnson', 'test-marketing', '0745 123 4567', 'London, UK', 'https://www.linkedin.com/in/sarah-johnson', 'Experienced Marketing Manager | Digital Strategy | Brand Development', NULL, NULL, '#4338ca', '#7e22ce', 'dd/mm/yyyy', 1, NULL, NULL, NULL, NULL, 1, 1, 0, 'lifetime', 'active', NULL, NULL, NULL, NULL, 'classic', NULL, NULL, 0, NULL, NULL, 'individual', NULL, 'public', 'draft', NULL, '2026-01-17 01:10:40', '2026-01-17 01:41:15', 0, NULL, NULL, NULL, NULL, NULL, NULL, NULL, NULL, NULL);
INSERT IGNORE INTO `profiles` (`id`, `email`, `password_hash`, `full_name`, `username`, `phone`, `location`, `linkedin_url`, `bio`, `photo_url`, `photo_responsive`, `cv_header_from_color`, `cv_header_to_color`, `date_format_preference`, `email_verified`, `email_verification_token`, `email_verification_expires`, `password_reset_token`, `password_reset_expires`, `show_photo`, `show_photo_pdf`, `show_qr_code`, `plan`, `subscription_status`, `stripe_customer_id`, `stripe_subscription_id`, `subscription_current_period_end`, `subscription_cancel_at`, `template_preference`, `custom_cv_template_html`, `custom_cv_template_css`, `custom_cv_template_active`, `custom_cv_template_description`, `organisation_id`, `account_type`, `managed_by`, `cv_visibility`, `cv_status`, `invitation_token`, `created_at`, `updated_at`, `is_super_admin`, `ai_service_preference`, `ollama_base_url`, `ollama_model`, `openai_api_key`, `anthropic_api_key`, `browser_ai_model`, `cv_rewrite_prompt_instructions`, `gemini_api_key`, `grok_api_key`) VALUES ('cdc1fda4-9801-4af9-811d-705a756aef05', 'max@health.com', '$2y$12$rA4WQNQDrMRw26pNPe09I.w8fBh.cRTkX6BMdz/N4uMH2qBsVO.te', 'William Ellis', 'max', NULL, NULL, NULL, NULL, NULL, NULL, '#4338ca', '#7e22ce', 'dd/mm/yyyy', 1, NULL, '2026-01-15 17:57:17', NULL, NULL, 0, 0, 1, 'free', 'inactive', NULL, NULL, NULL, NULL, 'classic', NULL, NULL, 0, NULL, NULL, 'individual', NULL, 'public', 'draft', NULL, '2026-01-14 17:57:17', '2026-01-18 15:57:33', 0, 'browser', NULL, NULL, NULL, NULL, 'mistral', NULL, NULL, NULL);
INSERT IGNORE INTO `profiles` (`id`, `email`, `password_hash`, `full_name`, `username`, `phone`, `location`, `linkedin_url`, `bio`, `photo_url`, `photo_responsive`, `cv_header_from_color`, `cv_header_to_color`, `date_format_preference`, `email_verified`, `email_verification_token`, `email_verification_expires`, `password_reset_token`, `password_reset_expires`, `show_photo`, `show_photo_pdf`, `show_qr_code`, `plan`, `subscription_status`, `stripe_customer_id`, `stripe_subscription_id`, `subscription_current_period_end`, `subscription_cancel_at`, `template_preference`, `custom_cv_template_html`, `custom_cv_template_css`, `custom_cv_template_active`, `custom_cv_template_description`, `organisation_id`, `account_type`, `managed_by`, `cv_visibility`, `cv_status`, `invitation_token`, `created_at`, `updated_at`, `is_super_admin`, `ai_service_preference`, `ollama_base_url`, `ollama_model`, `openai_api_key`, `anthropic_api_key`, `browser_ai_model`, `cv_rewrite_prompt_instructions`, `gemini_api_key`, `grok_api_key`) VALUES ('e8e10ee9-04f2-42f6-81b7-90dbae66f78b', 'test.design@example.com', '$2y$12$LwjClMJ8U1MeU0h3RYTW9.R4WfXG4yb.oX1eMCx.eIbYZWVMaPE0e', 'Emily Rodriguez', 'test-design', '0745 345 6789', 'Birmingham, UK', 'https://www.linkedin.com/in/emily-rodriguez', 'UX/UI Designer | Product Design | Design Systems', NULL, NULL, '#4338ca', '#7e22ce', 'dd/mm/yyyy', 1, NULL, NULL, NULL, NULL, 1, 1, 0, 'lifetime', 'active', NULL, NULL, NULL, NULL, 'classic', NULL, NULL, 0, NULL, NULL, 'individual', NULL, 'public', 'draft', NULL, '2026-01-17 01:10:41', '2026-01-17 01:10:41', 0, NULL, NULL, NULL, NULL, NULL, NULL, NULL, NULL, NULL);

-- =====================================================
-- Data for table: projects
-- =====================================================

INSERT IGNORE INTO `projects` (`id`, `profile_id`, `title`, `description`, `start_date`, `end_date`, `url`, `image_url`, `created_at`, `updated_at`, `image_path`, `image_responsive`) VALUES ('92a4f159-312c-444a-9965-aad6b6dcdcc4', '55ef9605-ed0a-48f4-8cfc-ab6ac350e612', 'E-Commerce Platform', 'Led development of a scalable e-commerce platform handling 10,000+ transactions daily using microservices architecture.', '2020-06-01', '2021-03-31', 'https://github.com/mchen/ecommerce-platform', NULL, '2026-01-17 01:10:41', '2026-01-17 01:10:41', NULL, NULL);
INSERT IGNORE INTO `projects` (`id`, `profile_id`, `title`, `description`, `start_date`, `end_date`, `url`, `image_url`, `created_at`, `updated_at`, `image_path`, `image_responsive`) VALUES ('e9b0f983-6db3-4b8e-a96c-471650b1581a', 'e8e10ee9-04f2-42f6-81b7-90dbae66f78b', 'Design System Library', 'Created a comprehensive design system library used across 10+ product teams, reducing design inconsistencies by 90%.', '2020-01-01', '2020-06-30', 'https://figma.com/design-system-library', NULL, '2026-01-17 01:10:41', '2026-01-17 01:10:41', NULL, NULL);
INSERT IGNORE INTO `projects` (`id`, `profile_id`, `title`, `description`, `start_date`, `end_date`, `url`, `image_url`, `created_at`, `updated_at`, `image_path`, `image_responsive`) VALUES ('ef2ce969-509b-41bf-b48a-ef0bfe758e1a', '80b7c3eb-fdc5-4cd7-95cb-dc975e0095dd', 'AI Marketing Toolkit', 'Developed an open-source collection of prompts and frameworks for marketing professionals to leverage AI tools effectively. The toolkit includes templates for content creation, campaign planning, and audience research, helping marketers integrate AI into their workflows while maintaining strategic thinking and creativity.', '2024-11-01', NULL, 'https://simple-cv-builder.com/cv/@simple-cv-example', 'http://localhost:8000/storage/projects/80b7c3eb-fdc5-4cd7-95cb-dc975e0095dd/1768483673_c3900a11895999f1.jpeg', '2026-01-15 01:40:00', '2026-01-15 13:27:53', 'projects/80b7c3eb-fdc5-4cd7-95cb-dc975e0095dd/1768483673_c3900a11895999f1.jpeg', '{"large": {"url": "http://localhost:8000/storage/projects/80b7c3eb-fdc5-4cd7-95cb-dc975e0095dd/1768483673_c3900a11895999f1_large.jpeg", "path": "projects/80b7c3eb-fdc5-4cd7-95cb-dc975e0095dd/1768483673_c3900a11895999f1_large.jpeg", "width": 1200, "height": 1200}, "small": {"url": "http://localhost:8000/storage/projects/80b7c3eb-fdc5-4cd7-95cb-dc975e0095dd/1768483673_c3900a11895999f1_small.jpeg", "path": "projects/80b7c3eb-fdc5-4cd7-95cb-dc975e0095dd/1768483673_c3900a11895999f1_small.jpeg", "width": 400, "height": 400}, "thumb": {"url": "http://localhost:8000/storage/projects/80b7c3eb-fdc5-4cd7-95cb-dc975e0095dd/1768483673_c3900a11895999f1_thumb.jpeg", "path": "projects/80b7c3eb-fdc5-4cd7-95cb-dc975e0095dd/1768483673_c3900a11895999f1_thumb.jpeg", "width": 150, "height": 150}, "medium": {"url": "http://localhost:8000/storage/projects/80b7c3eb-fdc5-4cd7-95cb-dc975e0095dd/1768483673_c3900a11895999f1_medium.jpeg", "path": "projects/80b7c3eb-fdc5-4cd7-95cb-dc975e0095dd/1768483673_c3900a11895999f1_medium.jpeg", "width": 800, "height": 800}}');
INSERT IGNORE INTO `projects` (`id`, `profile_id`, `title`, `description`, `start_date`, `end_date`, `url`, `image_url`, `created_at`, `updated_at`, `image_path`, `image_responsive`) VALUES ('f53547a3-4156-46f2-a0ce-50d5fe88d3e3', 'ab69b123-3e6a-41e4-b078-ba2e64ae113b', 'Digital Transformation Campaign', 'Led a comprehensive digital transformation campaign that modernized brand presence and increased online engagement by 200%.', '2021-01-01', '2021-12-31', 'https://example.com/projects/digital-transformation', NULL, '2026-01-17 01:10:41', '2026-01-17 01:10:41', NULL, NULL);

-- =====================================================
-- Data for table: responsibility_categories
-- =====================================================

INSERT IGNORE INTO `responsibility_categories` (`id`, `work_experience_id`, `name`, `sort_order`, `created_at`) VALUES ('4b8b87d4-1ddb-4663-982c-4d8b63472414', '7b592591-3fbc-4de4-8286-cf3eb8de2e7e', 'Team Leadership', 1, '2026-01-17 01:10:41');
INSERT IGNORE INTO `responsibility_categories` (`id`, `work_experience_id`, `name`, `sort_order`, `created_at`) VALUES ('4fc54dfa-2a80-403b-9335-062b7ef6bad1', 'bc4104bc-3c80-4653-938d-752b68a8e032', 'Web Development', 0, '2026-01-17 01:10:41');
INSERT IGNORE INTO `responsibility_categories` (`id`, `work_experience_id`, `name`, `sort_order`, `created_at`) VALUES ('7425ce95-b9d0-4d30-a2cb-d9d0f7a924af', '90c55a16-19b8-4ae6-81cd-a898a8c6ab52', 'Marketing Strategy', 0, '2026-01-15 01:40:00');
INSERT IGNORE INTO `responsibility_categories` (`id`, `work_experience_id`, `name`, `sort_order`, `created_at`) VALUES ('83411ad3-5697-4c49-b55a-4047613d2a95', '90c55a16-19b8-4ae6-81cd-a898a8c6ab52', 'Campaign Management', 1, '2026-01-15 01:40:00');
INSERT IGNORE INTO `responsibility_categories` (`id`, `work_experience_id`, `name`, `sort_order`, `created_at`) VALUES ('879af1af-6b57-4c36-a2e3-8b35e43e3466', '0b5e14b1-076f-4863-b0d3-463e131e940f', 'Full-Stack Development', 0, '2026-01-17 01:10:41');
INSERT IGNORE INTO `responsibility_categories` (`id`, `work_experience_id`, `name`, `sort_order`, `created_at`) VALUES ('87bee227-38cc-4c29-a108-557766570296', '57c6f8a3-8f20-4bf0-9ce4-d618021faf26', 'Software Development', 0, '2026-01-17 01:10:41');
INSERT IGNORE INTO `responsibility_categories` (`id`, `work_experience_id`, `name`, `sort_order`, `created_at`) VALUES ('ba2be1ee-6d02-421a-82b8-faee6e8c104c', '4ea76564-02d8-4efd-bcd9-1a7919f965e7', 'Collaboration', 1, '2026-01-17 01:10:41');
INSERT IGNORE INTO `responsibility_categories` (`id`, `work_experience_id`, `name`, `sort_order`, `created_at`) VALUES ('e44c5867-936c-4986-ac7e-d10b57bf26eb', '4ea76564-02d8-4efd-bcd9-1a7919f965e7', 'Product Design', 0, '2026-01-17 01:10:41');
INSERT IGNORE INTO `responsibility_categories` (`id`, `work_experience_id`, `name`, `sort_order`, `created_at`) VALUES ('f4994816-204e-4cec-8f62-ae24ae2e1560', '57c6f8a3-8f20-4bf0-9ce4-d618021faf26', 'Technical Leadership', 1, '2026-01-17 01:10:41');
INSERT IGNORE INTO `responsibility_categories` (`id`, `work_experience_id`, `name`, `sort_order`, `created_at`) VALUES ('f53a64ac-ba12-4f1f-8487-903eec7ecd1a', '65b6fe28-c3e6-4aa3-a4d6-a561c363b8fe', 'Campaign Management', 0, '2026-01-17 01:10:41');
INSERT IGNORE INTO `responsibility_categories` (`id`, `work_experience_id`, `name`, `sort_order`, `created_at`) VALUES ('f619860d-85c0-48d3-8d6a-8b3f17c3a6f2', '7b592591-3fbc-4de4-8286-cf3eb8de2e7e', 'Digital Strategy', 0, '2026-01-17 01:10:40');
INSERT IGNORE INTO `responsibility_categories` (`id`, `work_experience_id`, `name`, `sort_order`, `created_at`) VALUES ('fd289e0f-21fa-4838-9b2b-c441fecdedd6', '3b36fcf7-33cf-4a70-a6c4-404acb61333c', 'UI Design', 0, '2026-01-17 01:10:41');

-- =====================================================
-- Data for table: responsibility_items
-- =====================================================

INSERT IGNORE INTO `responsibility_items` (`id`, `category_id`, `content`, `sort_order`, `created_at`) VALUES ('07f9899c-46f8-49f1-93d9-746a2e479d2c', 'f53a64ac-ba12-4f1f-8487-903eec7ecd1a', 'Planned and executed marketing campaigns for 15+ clients across various industries', 0, '2026-01-17 01:10:41');
INSERT IGNORE INTO `responsibility_items` (`id`, `category_id`, `content`, `sort_order`, `created_at`) VALUES ('12f60ac0-6490-4197-b236-c292137e0859', 'f53a64ac-ba12-4f1f-8487-903eec7ecd1a', 'Managed social media presence across multiple platforms', 2, '2026-01-17 01:10:41');
INSERT IGNORE INTO `responsibility_items` (`id`, `category_id`, `content`, `sort_order`, `created_at`) VALUES ('16b48c78-5de6-4d8e-a1f3-0d93c80d9a28', 'e44c5867-936c-4986-ac7e-d10b57bf26eb', 'Designed user interfaces for mobile and web applications used by 500,000+ users', 0, '2026-01-17 01:10:41');
INSERT IGNORE INTO `responsibility_items` (`id`, `category_id`, `content`, `sort_order`, `created_at`) VALUES ('1c963cd5-f07c-4fce-bdb7-2c71cd8edd6b', '4b8b87d4-1ddb-4663-982c-4d8b63472414', 'Led a team of 5 marketing professionals, fostering collaboration and professional development', 0, '2026-01-17 01:10:41');
INSERT IGNORE INTO `responsibility_items` (`id`, `category_id`, `content`, `sort_order`, `created_at`) VALUES ('2afa3a90-49b3-4917-ad74-2618f0d6fc1e', '4fc54dfa-2a80-403b-9335-062b7ef6bad1', 'Developed custom websites using HTML, CSS, JavaScript, and PHP', 0, '2026-01-17 01:10:41');
INSERT IGNORE INTO `responsibility_items` (`id`, `category_id`, `content`, `sort_order`, `created_at`) VALUES ('2e7b9998-7a73-4041-9486-4d2923f54952', 'fd289e0f-21fa-4838-9b2b-c441fecdedd6', 'Created high-fidelity mockups and prototypes for client projects', 0, '2026-01-17 01:10:41');
INSERT IGNORE INTO `responsibility_items` (`id`, `category_id`, `content`, `sort_order`, `created_at`) VALUES ('2f5a6f6a-68f8-4636-89a1-4831512e7b8d', 'fd289e0f-21fa-4838-9b2b-c441fecdedd6', 'Collaborated with developers to ensure design implementation accuracy', 2, '2026-01-17 01:10:41');
INSERT IGNORE INTO `responsibility_items` (`id`, `category_id`, `content`, `sort_order`, `created_at`) VALUES ('31bf623e-50af-4adb-bca9-12bf82b55445', '4fc54dfa-2a80-403b-9335-062b7ef6bad1', 'Collaborated with designers to implement responsive layouts', 2, '2026-01-17 01:10:41');
INSERT IGNORE INTO `responsibility_items` (`id`, `category_id`, `content`, `sort_order`, `created_at`) VALUES ('3bc70d22-8f21-481f-98bf-728cf3737aea', '879af1af-6b57-4c36-a2e3-8b35e43e3466', 'Implemented RESTful APIs and real-time features using WebSockets', 1, '2026-01-17 01:10:41');
INSERT IGNORE INTO `responsibility_items` (`id`, `category_id`, `content`, `sort_order`, `created_at`) VALUES ('530c3d44-7c0f-431c-9095-1f62bf0be470', 'ba2be1ee-6d02-421a-82b8-faee6e8c104c', 'Mentored junior designers and provided design feedback', 2, '2026-01-17 01:10:41');
INSERT IGNORE INTO `responsibility_items` (`id`, `category_id`, `content`, `sort_order`, `created_at`) VALUES ('614c71e2-2363-4484-b019-2924ff82db93', 'f4994816-204e-4cec-8f62-ae24ae2e1560', 'Collaborated with product and design teams to deliver user-centric solutions', 2, '2026-01-17 01:10:41');
INSERT IGNORE INTO `responsibility_items` (`id`, `category_id`, `content`, `sort_order`, `created_at`) VALUES ('6fb80f36-ae0e-4592-8871-9490da0d7d01', '83411ad3-5697-4c49-b55a-4047613d2a95', 'Collaborated with sales and product teams to align marketing initiatives with business goals', 1, '2026-01-15 01:40:00');
INSERT IGNORE INTO `responsibility_items` (`id`, `category_id`, `content`, `sort_order`, `created_at`) VALUES ('707e9cba-7739-4f63-869b-cdfb5fa25536', '87bee227-38cc-4c29-a108-557766570296', 'Architected and developed microservices-based applications serving 100,000+ users', 0, '2026-01-17 01:10:41');
INSERT IGNORE INTO `responsibility_items` (`id`, `category_id`, `content`, `sort_order`, `created_at`) VALUES ('7388a072-e8dc-4b3b-920e-d8e834a63f09', '4fc54dfa-2a80-403b-9335-062b7ef6bad1', 'Maintained and updated existing client websites', 1, '2026-01-17 01:10:41');
INSERT IGNORE INTO `responsibility_items` (`id`, `category_id`, `content`, `sort_order`, `created_at`) VALUES ('7870d716-e89d-4c5b-847e-4efb097a21a3', '7425ce95-b9d0-4d30-a2cb-d9d0f7a924af', 'Managed brand positioning and messaging across all marketing channels', 1, '2026-01-15 01:40:00');
INSERT IGNORE INTO `responsibility_items` (`id`, `category_id`, `content`, `sort_order`, `created_at`) VALUES ('8523456f-c20d-4021-97c6-848eb52e30e7', '87bee227-38cc-4c29-a108-557766570296', 'Led migration of legacy systems to cloud-native architecture', 1, '2026-01-17 01:10:41');
INSERT IGNORE INTO `responsibility_items` (`id`, `category_id`, `content`, `sort_order`, `created_at`) VALUES ('876e462f-e2dc-4bc7-810b-d2c8571480b3', '83411ad3-5697-4c49-b55a-4047613d2a95', 'Planned and executed multi-channel marketing campaigns resulting in 40% increase in qualified leads', 0, '2026-01-15 01:40:00');
INSERT IGNORE INTO `responsibility_items` (`id`, `category_id`, `content`, `sort_order`, `created_at`) VALUES ('8af76554-f0df-458e-a6e9-7f0904852205', '879af1af-6b57-4c36-a2e3-8b35e43e3466', 'Optimized database queries and application performance', 2, '2026-01-17 01:10:41');
INSERT IGNORE INTO `responsibility_items` (`id`, `category_id`, `content`, `sort_order`, `created_at`) VALUES ('97c603a8-bb50-4090-8473-7a010e6ea279', '879af1af-6b57-4c36-a2e3-8b35e43e3466', 'Built responsive web applications using React, Node.js, and PostgreSQL', 0, '2026-01-17 01:10:41');
INSERT IGNORE INTO `responsibility_items` (`id`, `category_id`, `content`, `sort_order`, `created_at`) VALUES ('a3ff6797-787c-47c7-b0db-2684f0a2094e', 'f53a64ac-ba12-4f1f-8487-903eec7ecd1a', 'Developed content strategies that increased client engagement by 80%', 1, '2026-01-17 01:10:41');
INSERT IGNORE INTO `responsibility_items` (`id`, `category_id`, `content`, `sort_order`, `created_at`) VALUES ('a5c00f01-51d9-42a1-9e74-96e9260f6180', '7425ce95-b9d0-4d30-a2cb-d9d0f7a924af', 'Oversaw digital campaign execution including SEO, PPC, social media, and email marketing', 2, '2026-01-15 01:40:00');
INSERT IGNORE INTO `responsibility_items` (`id`, `category_id`, `content`, `sort_order`, `created_at`) VALUES ('a8d45986-783d-4f8f-8ec2-3dc4f88f0472', 'e44c5867-936c-4986-ac7e-d10b57bf26eb', 'Conducted user research and usability testing to inform design decisions', 1, '2026-01-17 01:10:41');
INSERT IGNORE INTO `responsibility_items` (`id`, `category_id`, `content`, `sort_order`, `created_at`) VALUES ('a97df3aa-5b42-48c1-b335-0b247aa121e6', '87bee227-38cc-4c29-a108-557766570296', 'Implemented CI/CD pipelines reducing deployment time by 70%', 2, '2026-01-17 01:10:41');
INSERT IGNORE INTO `responsibility_items` (`id`, `category_id`, `content`, `sort_order`, `created_at`) VALUES ('bb4896b0-3ecc-4a7f-84fb-a5bd72110153', 'ba2be1ee-6d02-421a-82b8-faee6e8c104c', 'Collaborated with product managers and developers to deliver cohesive experiences', 0, '2026-01-17 01:10:41');
INSERT IGNORE INTO `responsibility_items` (`id`, `category_id`, `content`, `sort_order`, `created_at`) VALUES ('befcb96d-312c-4a34-be62-27eec9a3eaf4', 'fd289e0f-21fa-4838-9b2b-c441fecdedd6', 'Designed responsive layouts for websites and mobile applications', 1, '2026-01-17 01:10:41');
INSERT IGNORE INTO `responsibility_items` (`id`, `category_id`, `content`, `sort_order`, `created_at`) VALUES ('d05d650c-572e-43c8-9c65-3469e2f32aa3', 'f619860d-85c0-48d3-8d6a-8b3f17c3a6f2', 'Developed and executed comprehensive digital marketing strategies that increased lead generation by 150%', 0, '2026-01-17 01:10:40');
INSERT IGNORE INTO `responsibility_items` (`id`, `category_id`, `content`, `sort_order`, `created_at`) VALUES ('d05ea9fa-4c16-4e68-a57c-8e055799ae3b', '7425ce95-b9d0-4d30-a2cb-d9d0f7a924af', 'Developed and executed comprehensive marketing strategies aligned with business objectives', 0, '2026-01-15 01:40:00');
INSERT IGNORE INTO `responsibility_items` (`id`, `category_id`, `content`, `sort_order`, `created_at`) VALUES ('dfc14781-b0db-45ca-baed-d182b62c9329', 'f619860d-85c0-48d3-8d6a-8b3f17c3a6f2', 'Oversaw brand positioning and messaging across all marketing channels', 2, '2026-01-17 01:10:41');
INSERT IGNORE INTO `responsibility_items` (`id`, `category_id`, `content`, `sort_order`, `created_at`) VALUES ('e1cdb8a6-8c6e-42ad-a996-08b69e2f506a', 'ba2be1ee-6d02-421a-82b8-faee6e8c104c', 'Presented design concepts and user research findings to stakeholders', 1, '2026-01-17 01:10:41');
INSERT IGNORE INTO `responsibility_items` (`id`, `category_id`, `content`, `sort_order`, `created_at`) VALUES ('e41d786b-02cb-45b9-8c70-a55b0dd41908', '4b8b87d4-1ddb-4663-982c-4d8b63472414', 'Established KPIs and reporting frameworks to measure campaign effectiveness', 2, '2026-01-17 01:10:41');
INSERT IGNORE INTO `responsibility_items` (`id`, `category_id`, `content`, `sort_order`, `created_at`) VALUES ('ef6e354d-680c-405a-9086-d43319f45912', 'f619860d-85c0-48d3-8d6a-8b3f17c3a6f2', 'Managed multi-channel campaigns including SEO, PPC, social media, and email marketing', 1, '2026-01-17 01:10:41');
INSERT IGNORE INTO `responsibility_items` (`id`, `category_id`, `content`, `sort_order`, `created_at`) VALUES ('f06a11be-2927-4a6e-9b2b-c754025799a6', '4b8b87d4-1ddb-4663-982c-4d8b63472414', 'Collaborated with sales and product teams to align marketing initiatives with business goals', 1, '2026-01-17 01:10:41');
INSERT IGNORE INTO `responsibility_items` (`id`, `category_id`, `content`, `sort_order`, `created_at`) VALUES ('f3bf8a7e-8d2d-454f-be26-27dade49c1df', 'f4994816-204e-4cec-8f62-ae24ae2e1560', 'Mentored a team of 4 junior developers, conducting code reviews and technical training', 0, '2026-01-17 01:10:41');
INSERT IGNORE INTO `responsibility_items` (`id`, `category_id`, `content`, `sort_order`, `created_at`) VALUES ('f597b655-2495-46a0-9254-71844f039725', 'e44c5867-936c-4986-ac7e-d10b57bf26eb', 'Created and maintained comprehensive design systems', 2, '2026-01-17 01:10:41');
INSERT IGNORE INTO `responsibility_items` (`id`, `category_id`, `content`, `sort_order`, `created_at`) VALUES ('fac88691-b138-4f52-b7e1-eaad6f280749', 'f4994816-204e-4cec-8f62-ae24ae2e1560', 'Established coding standards and best practices across development teams', 1, '2026-01-17 01:10:41');

-- =====================================================
-- Data for table: skills
-- =====================================================

INSERT IGNORE INTO `skills` (`id`, `profile_id`, `name`, `level`, `category`, `created_at`, `updated_at`) VALUES ('062af803-586f-4baa-ae7c-0459158d91a2', 'ab69b123-3e6a-41e4-b078-ba2e64ae113b', 'Team Leadership', NULL, 'Management', '2026-01-17 01:10:41', '2026-01-17 01:10:41');
INSERT IGNORE INTO `skills` (`id`, `profile_id`, `name`, `level`, `category`, `created_at`, `updated_at`) VALUES ('1a832afd-07ee-4d81-aedc-253a5133f8af', 'ab69b123-3e6a-41e4-b078-ba2e64ae113b', 'Digital Marketing', NULL, 'Marketing', '2026-01-17 01:10:41', '2026-01-17 01:10:41');
INSERT IGNORE INTO `skills` (`id`, `profile_id`, `name`, `level`, `category`, `created_at`, `updated_at`) VALUES ('26262af6-9278-4b59-8325-e4b2f5753fd9', 'e8e10ee9-04f2-42f6-81b7-90dbae66f78b', 'Sketch', NULL, 'Design Tools', '2026-01-17 01:10:41', '2026-01-17 01:10:41');
INSERT IGNORE INTO `skills` (`id`, `profile_id`, `name`, `level`, `category`, `created_at`, `updated_at`) VALUES ('322e41c6-c7dd-4f06-948b-db34528c4eac', 'ab69b123-3e6a-41e4-b078-ba2e64ae113b', 'Adobe Creative Suite', NULL, 'Design', '2026-01-17 01:10:41', '2026-01-17 01:10:41');
INSERT IGNORE INTO `skills` (`id`, `profile_id`, `name`, `level`, `category`, `created_at`, `updated_at`) VALUES ('3265981b-2b60-4be2-a7a8-4e9a5003f90a', '55ef9605-ed0a-48f4-8cfc-ab6ac350e612', 'Python', NULL, 'Programming', '2026-01-17 01:10:41', '2026-01-17 01:10:41');
INSERT IGNORE INTO `skills` (`id`, `profile_id`, `name`, `level`, `category`, `created_at`, `updated_at`) VALUES ('53078654-4d40-4b8f-b1b7-bc77631177d4', '55ef9605-ed0a-48f4-8cfc-ab6ac350e612', 'Git', NULL, 'Tools', '2026-01-17 01:10:41', '2026-01-17 01:10:41');
INSERT IGNORE INTO `skills` (`id`, `profile_id`, `name`, `level`, `category`, `created_at`, `updated_at`) VALUES ('58da22a2-d178-40a4-a9f9-206ed58c716a', '55ef9605-ed0a-48f4-8cfc-ab6ac350e612', 'React', NULL, 'Frontend', '2026-01-17 01:10:41', '2026-01-17 01:10:41');
INSERT IGNORE INTO `skills` (`id`, `profile_id`, `name`, `level`, `category`, `created_at`, `updated_at`) VALUES ('5a6943b4-a31f-42e0-a943-a800f576344b', '55ef9605-ed0a-48f4-8cfc-ab6ac350e612', 'JavaScript', NULL, 'Programming', '2026-01-17 01:10:41', '2026-01-17 01:10:41');
INSERT IGNORE INTO `skills` (`id`, `profile_id`, `name`, `level`, `category`, `created_at`, `updated_at`) VALUES ('811eb948-6775-4d94-86d9-96f4100c09d4', 'e8e10ee9-04f2-42f6-81b7-90dbae66f78b', 'Prototyping', NULL, 'UX', '2026-01-17 01:10:41', '2026-01-17 01:10:41');
INSERT IGNORE INTO `skills` (`id`, `profile_id`, `name`, `level`, `category`, `created_at`, `updated_at`) VALUES ('81f292cd-98bc-4bf6-a036-fd6a6dbf8d7a', 'ab69b123-3e6a-41e4-b078-ba2e64ae113b', 'SEO/SEM', NULL, 'Marketing', '2026-01-17 01:10:41', '2026-01-17 01:10:41');
INSERT IGNORE INTO `skills` (`id`, `profile_id`, `name`, `level`, `category`, `created_at`, `updated_at`) VALUES ('8660550f-ecbb-4427-a3b1-cb96f031fae9', 'ab69b123-3e6a-41e4-b078-ba2e64ae113b', 'Google Analytics', NULL, 'Analytics', '2026-01-17 01:10:41', '2026-01-17 01:10:41');
INSERT IGNORE INTO `skills` (`id`, `profile_id`, `name`, `level`, `category`, `created_at`, `updated_at`) VALUES ('881bd8c5-84ef-4595-a327-eea3c933621d', 'ab69b123-3e6a-41e4-b078-ba2e64ae113b', 'Social Media Marketing', NULL, 'Marketing', '2026-01-17 01:10:41', '2026-01-17 01:10:41');
INSERT IGNORE INTO `skills` (`id`, `profile_id`, `name`, `level`, `category`, `created_at`, `updated_at`) VALUES ('96f061d0-b4ee-4a60-97a5-9f32d2270551', '55ef9605-ed0a-48f4-8cfc-ab6ac350e612', 'Node.js', NULL, 'Backend', '2026-01-17 01:10:41', '2026-01-17 01:10:41');
INSERT IGNORE INTO `skills` (`id`, `profile_id`, `name`, `level`, `category`, `created_at`, `updated_at`) VALUES ('9b83acbf-3cc5-441a-85b5-a8d8e2a499de', 'e8e10ee9-04f2-42f6-81b7-90dbae66f78b', 'User Research', NULL, 'UX', '2026-01-17 01:10:41', '2026-01-17 01:10:41');
INSERT IGNORE INTO `skills` (`id`, `profile_id`, `name`, `level`, `category`, `created_at`, `updated_at`) VALUES ('a3adca76-b59b-4eb3-b0ff-0647e93944ee', 'e8e10ee9-04f2-42f6-81b7-90dbae66f78b', 'Figma', NULL, 'Design Tools', '2026-01-17 01:10:41', '2026-01-17 01:10:41');
INSERT IGNORE INTO `skills` (`id`, `profile_id`, `name`, `level`, `category`, `created_at`, `updated_at`) VALUES ('a79bdf48-d49d-4191-982a-7588830798cc', '55ef9605-ed0a-48f4-8cfc-ab6ac350e612', 'Docker', NULL, 'DevOps', '2026-01-17 01:10:41', '2026-01-17 01:10:41');
INSERT IGNORE INTO `skills` (`id`, `profile_id`, `name`, `level`, `category`, `created_at`, `updated_at`) VALUES ('a8311eb3-b0ef-46c5-b1eb-717907ca2dcb', '55ef9605-ed0a-48f4-8cfc-ab6ac350e612', 'PostgreSQL', NULL, 'Database', '2026-01-17 01:10:41', '2026-01-17 01:10:41');
INSERT IGNORE INTO `skills` (`id`, `profile_id`, `name`, `level`, `category`, `created_at`, `updated_at`) VALUES ('a9cf9a70-db17-4de2-817a-99afd31e9066', 'e8e10ee9-04f2-42f6-81b7-90dbae66f78b', 'Design Systems', NULL, 'Design', '2026-01-17 01:10:41', '2026-01-17 01:10:41');
INSERT IGNORE INTO `skills` (`id`, `profile_id`, `name`, `level`, `category`, `created_at`, `updated_at`) VALUES ('b2eacc65-07de-4007-bdb2-a19469211caf', 'e8e10ee9-04f2-42f6-81b7-90dbae66f78b', 'Adobe XD', NULL, 'Design Tools', '2026-01-17 01:10:41', '2026-01-17 01:10:41');
INSERT IGNORE INTO `skills` (`id`, `profile_id`, `name`, `level`, `category`, `created_at`, `updated_at`) VALUES ('cb84f115-e58e-4cf7-9c2c-140887af8f76', 'ab69b123-3e6a-41e4-b078-ba2e64ae113b', 'Content Strategy', NULL, 'Marketing', '2026-01-17 01:10:41', '2026-01-17 01:10:41');
INSERT IGNORE INTO `skills` (`id`, `profile_id`, `name`, `level`, `category`, `created_at`, `updated_at`) VALUES ('d689c3c2-7471-47c8-8d7a-5e9015a42299', 'e8e10ee9-04f2-42f6-81b7-90dbae66f78b', 'HTML/CSS', NULL, 'Frontend', '2026-01-17 01:10:41', '2026-01-17 01:10:41');
INSERT IGNORE INTO `skills` (`id`, `profile_id`, `name`, `level`, `category`, `created_at`, `updated_at`) VALUES ('fea7ce58-5fef-417d-bd1e-04b955961e74', '55ef9605-ed0a-48f4-8cfc-ab6ac350e612', 'AWS', NULL, 'Cloud', '2026-01-17 01:10:41', '2026-01-17 01:10:41');

-- =====================================================
-- Data for table: work_experience
-- =====================================================

INSERT IGNORE INTO `work_experience` (`id`, `profile_id`, `company_name`, `position`, `start_date`, `end_date`, `description`, `sort_order`, `hide_date`, `created_at`, `updated_at`) VALUES ('0b5e14b1-076f-4863-b0d3-463e131e940f', '55ef9605-ed0a-48f4-8cfc-ab6ac350e612', 'Startup Innovations', 'Full-Stack Developer', '2016-05-01', '2018-12-31', 'Developed web applications from concept to deployment, working across the entire stack.', 1, 0, '2026-01-17 01:10:41', '2026-01-17 01:10:41');
INSERT IGNORE INTO `work_experience` (`id`, `profile_id`, `company_name`, `position`, `start_date`, `end_date`, `description`, `sort_order`, `hide_date`, `created_at`, `updated_at`) VALUES ('3b36fcf7-33cf-4a70-a6c4-404acb61333c', 'e8e10ee9-04f2-42f6-81b7-90dbae66f78b', 'Creative Agency', 'UI Designer', '2016-03-01', '2018-07-31', 'Designed user interfaces for various client projects including e-commerce sites and mobile apps.', 1, 0, '2026-01-17 01:10:41', '2026-01-17 01:10:41');
INSERT IGNORE INTO `work_experience` (`id`, `profile_id`, `company_name`, `position`, `start_date`, `end_date`, `description`, `sort_order`, `hide_date`, `created_at`, `updated_at`) VALUES ('4ea76564-02d8-4efd-bcd9-1a7919f965e7', 'e8e10ee9-04f2-42f6-81b7-90dbae66f78b', 'Design Studio Pro', 'Senior UX/UI Designer', '2018-08-01', NULL, 'Leading design for mobile and web applications, conducting user research, and maintaining design systems for various product teams.', 0, 0, '2026-01-17 01:10:41', '2026-01-17 01:10:41');
INSERT IGNORE INTO `work_experience` (`id`, `profile_id`, `company_name`, `position`, `start_date`, `end_date`, `description`, `sort_order`, `hide_date`, `created_at`, `updated_at`) VALUES ('57c6f8a3-8f20-4bf0-9ce4-d618021faf26', '55ef9605-ed0a-48f4-8cfc-ab6ac350e612', 'CloudTech Solutions', 'Senior Software Engineer', '2019-01-15', NULL, 'Leading development of cloud-based SaaS platforms, working with microservices architecture and modern JavaScript frameworks.', 0, 0, '2026-01-17 01:10:41', '2026-01-17 01:10:41');
INSERT IGNORE INTO `work_experience` (`id`, `profile_id`, `company_name`, `position`, `start_date`, `end_date`, `description`, `sort_order`, `hide_date`, `created_at`, `updated_at`) VALUES ('65b6fe28-c3e6-4aa3-a4d6-a561c363b8fe', 'ab69b123-3e6a-41e4-b078-ba2e64ae113b', 'Creative Agency Group', 'Marketing Manager', '2017-06-01', '2020-02-28', 'Managed marketing campaigns for multiple B2B and B2C clients, focusing on content strategy and social media engagement.', 1, 0, '2026-01-17 01:10:41', '2026-01-17 01:10:41');
INSERT IGNORE INTO `work_experience` (`id`, `profile_id`, `company_name`, `position`, `start_date`, `end_date`, `description`, `sort_order`, `hide_date`, `created_at`, `updated_at`) VALUES ('7b592591-3fbc-4de4-8286-cf3eb8de2e7e', 'ab69b123-3e6a-41e4-b078-ba2e64ae113b', 'Digital Solutions Ltd', 'Senior Marketing Manager', '2020-03-01', NULL, 'Leading marketing strategy for a growing SaaS company, managing brand positioning, digital campaigns, and customer acquisition across UK and European markets.', 0, 0, '2026-01-17 01:10:40', '2026-01-17 01:10:40');
INSERT IGNORE INTO `work_experience` (`id`, `profile_id`, `company_name`, `position`, `start_date`, `end_date`, `description`, `sort_order`, `hide_date`, `created_at`, `updated_at`) VALUES ('90c55a16-19b8-4ae6-81cd-a898a8c6ab52', '80b7c3eb-fdc5-4cd7-95cb-dc975e0095dd', 'TechForward Ltd', 'Senior Marketing Manager', '2020-03-01', NULL, 'Led comprehensive marketing strategy for a growing B2B SaaS company, managing brand positioning, digital campaigns, and customer acquisition across UK and European markets.', 0, 0, '2026-01-15 01:40:00', '2026-01-15 01:40:00');
INSERT IGNORE INTO `work_experience` (`id`, `profile_id`, `company_name`, `position`, `start_date`, `end_date`, `description`, `sort_order`, `hide_date`, `created_at`, `updated_at`) VALUES ('bc4104bc-3c80-4653-938d-752b68a8e032', '55ef9605-ed0a-48f4-8cfc-ab6ac350e612', 'Web Development Agency', 'Junior Developer', '2014-09-01', '2016-04-30', 'Developed websites and web applications for various clients using modern web technologies.', 2, 0, '2026-01-17 01:10:41', '2026-01-17 01:10:41');

SET FOREIGN_KEY_CHECKS=1;

-- Export complete. Exported 30 table(s) with data.
-- Tables exported: activity_log, candidate_invitations, certifications, cv_quality_assessments, cv_variant_certifications, cv_variant_education, cv_variant_interests, cv_variant_memberships, cv_variant_professional_summary, cv_variant_projects, cv_variant_qualification_equivalence, cv_variant_responsibility_categories, cv_variant_responsibility_items, cv_variant_skills, cv_variant_work_experience, cv_variants, education, interests, job_applications, organisation_members, organisations, professional_memberships, professional_qualification_equivalence, professional_summary, profiles, projects, responsibility_categories, responsibility_items, skills, work_experience
