-- CV Data Export for User: williamjamesellis@outlook.com
-- User ID: 86124243-4852-4151-9d2c-adc7d2c53ada
-- Exported: 2026-01-20 21:38:25
-- This file contains INSERT statements for all CV data
-- Make sure tables already exist before importing this data

SET FOREIGN_KEY_CHECKS=0;
SET SQL_MODE='NO_AUTO_VALUE_ON_ZERO';

-- =====================================================
-- Data for table: profiles (id)
-- Records: 1
-- =====================================================

INSERT IGNORE INTO `profiles` (`id`, `email`, `password_hash`, `full_name`, `username`, `phone`, `location`, `linkedin_url`, `bio`, `photo_url`, `photo_responsive`, `cv_header_from_color`, `cv_header_to_color`, `date_format_preference`, `email_verified`, `email_verification_token`, `email_verification_expires`, `password_reset_token`, `password_reset_expires`, `show_photo`, `show_photo_pdf`, `show_qr_code`, `plan`, `subscription_status`, `stripe_customer_id`, `stripe_subscription_id`, `subscription_current_period_end`, `subscription_cancel_at`, `template_preference`, `custom_cv_template_html`, `custom_cv_template_css`, `custom_cv_template_active`, `custom_cv_template_description`, `organisation_id`, `account_type`, `managed_by`, `cv_visibility`, `cv_status`, `invitation_token`, `created_at`, `updated_at`, `is_super_admin`, `ai_service_preference`, `ollama_base_url`, `ollama_model`, `openai_api_key`, `anthropic_api_key`, `browser_ai_model`, `cv_rewrite_prompt_instructions`, `gemini_api_key`, `grok_api_key`) VALUES ('86124243-4852-4151-9d2c-adc7d2c53ada', 'williamjamesellis@outlook.com', '$2y$12$WrtWyMDTy4YoAi0HWj8N3edWH.R8RTNiVFeyqUe1pFvPNmu.Ptdbi', 'William Ellis', 'wellis', NULL, 'Neilston', NULL, 'Developing and Delivering on National, Strategic and Digital Change', 'http://localhost:8000/storage/profiles/86124243-4852-4151-9d2c-adc7d2c53ada/1768856922_2d3dd89247e986d3.png', '{"large": {"path": "profiles/86124243-4852-4151-9d2c-adc7d2c53ada/1768856922_2d3dd89247e986d3_large.png", "width": 1200, "height": 1200}, "small": {"path": "profiles/86124243-4852-4151-9d2c-adc7d2c53ada/1768856922_2d3dd89247e986d3_small.png", "width": 400, "height": 400}, "thumb": {"path": "profiles/86124243-4852-4151-9d2c-adc7d2c53ada/1768856922_2d3dd89247e986d3_thumb.png", "width": 150, "height": 150}, "medium": {"path": "profiles/86124243-4852-4151-9d2c-adc7d2c53ada/1768856922_2d3dd89247e986d3_medium.png", "width": 800, "height": 800}}', '#2b3e69', '#2b3e69', 'dd/mm/yyyy', 1, NULL, NULL, NULL, NULL, 1, 0, 0, 'lifetime', 'active', NULL, NULL, NULL, NULL, 'classic', NULL, NULL, 0, NULL, NULL, 'individual', NULL, 'public', 'draft', NULL, '2026-01-14 17:44:27', '2026-01-20 09:44:58', 1, 'browser', NULL, NULL, NULL, NULL, 'llama3.2', NULL, NULL, NULL);

-- =====================================================
-- Data for table: professional_summary (profile_id)
-- Records: 1
-- =====================================================

INSERT IGNORE INTO `professional_summary` (`id`, `profile_id`, `description`, `created_at`, `updated_at`) VALUES ('03bc84d3-3c05-4f3d-8672-7d5ebffea32e', '86124243-4852-4151-9d2c-adc7d2c53ada', 'For the past 15 years, I\'ve worked as a digital consultant across the public, private, third, and open-source sectors, both in the UK and internationally. Much of my work has focused on health and mental health, alongside culture, community development, and the wider digital sector. I specialise in using digital not just as a technical solution but as a driver for social change—reducing inequalities, building organisational capacity, and embedding inclusive digital practices through strategy, training, and collaboration. My approach combines strategic leadership with hands-on delivery, supporting senior leaders and boards to shape digital transformation while working directly with teams to build confidence and skills.\r\nMore recently, my focus has expanded to the opportunities presented by AI and user-centred, co-designed services—demonstrating how digital can support sustainability and innovation while keeping people at the heart of service design. This consultancy builds on a wider leadership career spanning culture, learning and development, policy, and governance.', '2026-01-19 21:18:17', '2026-01-19 21:18:17');

-- =====================================================
-- Data for table: work_experience (profile_id)
-- Records: 11
-- =====================================================

INSERT IGNORE INTO `work_experience` (`id`, `profile_id`, `company_name`, `position`, `start_date`, `end_date`, `description`, `sort_order`, `hide_date`, `created_at`, `updated_at`) VALUES ('23b540dd-30bf-439b-857a-9249fc621d31', '86124243-4852-4151-9d2c-adc7d2c53ada', 'Working To Recovery', 'Product Development Consultant', '2002-08-01', '2005-09-01', 'Designed, developed and delivered the first Training for trainers peer support in Scotland online and national training programme.\r\nDelivered interactive workshops for mental health charities around improved service provision for the people they support.', 0, 0, '2026-01-19 22:09:25', '2026-01-19 22:09:26');
INSERT IGNORE INTO `work_experience` (`id`, `profile_id`, `company_name`, `position`, `start_date`, `end_date`, `description`, `sort_order`, `hide_date`, `created_at`, `updated_at`) VALUES ('541cfd36-bfaa-49c1-a5f3-1ac31420525e', '86124243-4852-4151-9d2c-adc7d2c53ada', 'The Richmond Fellowship Scotland', 'Digital Development Manager', '2017-05-01', '2021-12-01', 'Responsible for driving the design, implementation, and optimisation of digital solutions that align with organisational objectives. Combining strategic vision, technical expertise, and team leadership to deliver innovative, user-focused digital solutions that enhance efficiency and engagement.', 0, 0, '2026-01-19 21:44:43', '2026-01-19 21:53:05');
INSERT IGNORE INTO `work_experience` (`id`, `profile_id`, `company_name`, `position`, `start_date`, `end_date`, `description`, `sort_order`, `hide_date`, `created_at`, `updated_at`) VALUES ('8e4b355b-f41f-478a-9068-e20a59fffa9f', '86124243-4852-4151-9d2c-adc7d2c53ada', 'The Richmond Fellowship Scotland', 'Systems Development Manager', '2022-01-01', '2024-11-01', 'I played a pivotal role in designing, implementing, and overseeing the digital and technical infrastructure within the organisation. My responsibilities bridged strategic planning, technical development, and team leadership to enhance systems that supported organisational goals.', 0, 0, '2026-01-19 21:19:38', '2026-01-19 21:23:27');
INSERT IGNORE INTO `work_experience` (`id`, `profile_id`, `company_name`, `position`, `start_date`, `end_date`, `description`, `sort_order`, `hide_date`, `created_at`, `updated_at`) VALUES ('94031382-138c-4587-802a-66b843054579', '86124243-4852-4151-9d2c-adc7d2c53ada', 'Joomlashack', 'International Product Development', '2004-03-01', NULL, 'Provided internal business support for an international company developing new products based on Joomla the Open Source Content Management System.\r\nProvided R and D while supporting and contributing to the creation of new products.', 0, 0, '2026-01-19 22:08:47', '2026-01-19 22:08:49');
INSERT IGNORE INTO `work_experience` (`id`, `profile_id`, `company_name`, `position`, `start_date`, `end_date`, `description`, `sort_order`, `hide_date`, `created_at`, `updated_at`) VALUES ('9c52f1fa-46e3-4d9d-8ad3-0e016eecef9b', '86124243-4852-4151-9d2c-adc7d2c53ada', 'Ladbrokes', 'Digital Transformation Manager', '2000-01-01', '2005-08-01', 'Led the transition of Ladbrokes’ Scottish operations from paper-based systems to a fully digital retail environment. Oversaw the implementation of electronic point-of-sale systems and digital betting platforms across the network, supporting staff, refining software, and embedding new workflows.', 0, 0, '2026-01-19 22:10:14', '2026-01-19 22:10:15');
INSERT IGNORE INTO `work_experience` (`id`, `profile_id`, `company_name`, `position`, `start_date`, `end_date`, `description`, `sort_order`, `hide_date`, `created_at`, `updated_at`) VALUES ('9da29447-a7b2-4149-a31d-81745b9d4791', '86124243-4852-4151-9d2c-adc7d2c53ada', 'Birchwood Highland', 'External Consultant', '2010-01-01', '2020-08-01', 'Training delivery and support to implimement new policy improvements and guidlines on Peer Support and New Mental Health Ways of Working.\r\nSupported the Senior Management Team to develop an in-house service self assessment tool.', 0, 0, '2026-01-19 22:02:05', '2026-01-19 22:02:11');
INSERT IGNORE INTO `work_experience` (`id`, `profile_id`, `company_name`, `position`, `start_date`, `end_date`, `description`, `sort_order`, `hide_date`, `created_at`, `updated_at`) VALUES ('bb533265-0f8d-44d7-938a-ef41b598f756', '86124243-4852-4151-9d2c-adc7d2c53ada', 'Lanarkshire Association for Mental Health', 'Digital Consultant', '2010-01-01', NULL, 'Providing end-to-end digital consultancy and support to help LAMH modernise its digital presence and explore emerging technologies. Developed a new website, supported staff capability-building, and guided strategic decisions on digital tools and future-readiness.', 0, 0, '2026-01-19 21:59:12', '2026-01-19 22:00:37');
INSERT IGNORE INTO `work_experience` (`id`, `profile_id`, `company_name`, `position`, `start_date`, `end_date`, `description`, `sort_order`, `hide_date`, `created_at`, `updated_at`) VALUES ('cf13699b-4fba-48df-8605-88350f2a8d63', '86124243-4852-4151-9d2c-adc7d2c53ada', 'Scottish Government/Pebumbra', 'Scottish Recovery Indicator Project Lead', '2005-09-01', '2013-08-01', 'Led the development, dissemination, and support of the Scottish Recovery Indicator (SRI) practice development tool, transforming recovery-focused mental health services across Scotland. Delivered national initiatives, resources, and training programs that significantly advanced mental health recovery practices while influencing policy and aligning with strategic objectives.', 0, 0, '2026-01-19 22:02:47', '2026-01-19 22:07:47');
INSERT IGNORE INTO `work_experience` (`id`, `profile_id`, `company_name`, `position`, `start_date`, `end_date`, `description`, `sort_order`, `hide_date`, `created_at`, `updated_at`) VALUES ('d797ac00-ddbb-43ea-b3b6-790b4938a48d', '86124243-4852-4151-9d2c-adc7d2c53ada', 'Voluntary and Governance', 'Member', '2010-01-01', NULL, 'Given my work has focused on Social Well-Being and mental health I have held responsibility for the\r\ninitiation, design, development and leadership of several networks, groups and sat on many boards such\r\nas:\r\n• Started the Glasgow Hearing Voices Network\r\n• Started the Scotland Equality Greated\r\n• Mental welfare commission steering groups various roles\r\n• Care commission steering group various roles\r\n• Chair of the Scottish Governments Recovery Indicator Steering Group', 0, 0, '2026-01-19 22:11:23', '2026-01-19 22:11:25');
INSERT IGNORE INTO `work_experience` (`id`, `profile_id`, `company_name`, `position`, `start_date`, `end_date`, `description`, `sort_order`, `hide_date`, `created_at`, `updated_at`) VALUES ('e1aabb51-bcd2-48a5-b3b0-3d7688efcc25', '86124243-4852-4151-9d2c-adc7d2c53ada', 'Scottish Power', 'Digital Transformation Lead', '1998-01-01', '1999-12-10', 'Led a critical project to modernise infrastructure mapping by digitising paper-based power line maps into a centralised digital system. Managed cross-functional teams, implemented specialised GIS and asset management software, and provided training and support to ensure adoption and operational continuity.', 0, 0, '2026-01-19 22:10:48', '2026-01-19 22:10:50');
INSERT IGNORE INTO `work_experience` (`id`, `profile_id`, `company_name`, `position`, `start_date`, `end_date`, `description`, `sort_order`, `hide_date`, `created_at`, `updated_at`) VALUES ('eba7b7f6-0a48-4654-846b-4c64d6746cfe', '86124243-4852-4151-9d2c-adc7d2c53ada', 'The Richmond Fellowship Scotland', 'E-Learning Systems Development Manager & Digital Skills Trainer', '2013-08-01', '2017-11-01', 'Led comprehensive digital learning portfolio supporting 4,000+ staff across Scotland, managing organisational website, internal systems, and e-learning platforms using product management principles and user-centred design.', 0, 0, '2026-01-19 21:56:32', '2026-01-19 21:58:23');

-- =====================================================
-- Data for table: responsibility_categories (work_experience_id)
-- Records: 35
-- =====================================================

INSERT IGNORE INTO `responsibility_categories` (`id`, `work_experience_id`, `name`, `sort_order`, `created_at`) VALUES ('303ada96-c7ad-4748-bfa6-cdddb8fda00e', '541cfd36-bfaa-49c1-a5f3-1ac31420525e', 'Governance and Compliance', 5, '2026-01-19 21:46:37');
INSERT IGNORE INTO `responsibility_categories` (`id`, `work_experience_id`, `name`, `sort_order`, `created_at`) VALUES ('5775e7b9-96b7-4379-afd9-624e2a2a7b64', '541cfd36-bfaa-49c1-a5f3-1ac31420525e', 'User Experience and Accessibility', 4, '2026-01-19 21:46:23');
INSERT IGNORE INTO `responsibility_categories` (`id`, `work_experience_id`, `name`, `sort_order`, `created_at`) VALUES ('85db138e-b9d5-487a-9e49-de7168072420', '541cfd36-bfaa-49c1-a5f3-1ac31420525e', 'Strategic Leadership', 0, '2026-01-19 21:45:13');
INSERT IGNORE INTO `responsibility_categories` (`id`, `work_experience_id`, `name`, `sort_order`, `created_at`) VALUES ('8beca35a-23e9-4e0e-8f78-c81948cd7b0a', '541cfd36-bfaa-49c1-a5f3-1ac31420525e', 'Technical Oversight', 2, '2026-01-19 21:45:51');
INSERT IGNORE INTO `responsibility_categories` (`id`, `work_experience_id`, `name`, `sort_order`, `created_at`) VALUES ('bb01bbe4-6ea3-4273-80f0-1efa749da194', '541cfd36-bfaa-49c1-a5f3-1ac31420525e', 'Performance and Analytics', 6, '2026-01-19 21:46:48');
INSERT IGNORE INTO `responsibility_categories` (`id`, `work_experience_id`, `name`, `sort_order`, `created_at`) VALUES ('cc082d8b-9850-4ac1-ac00-e5037d91d355', '541cfd36-bfaa-49c1-a5f3-1ac31420525e', 'Project Management', 1, '2026-01-19 21:45:32');
INSERT IGNORE INTO `responsibility_categories` (`id`, `work_experience_id`, `name`, `sort_order`, `created_at`) VALUES ('cdd76f29-9c33-423d-b760-4fc9735f05b2', '541cfd36-bfaa-49c1-a5f3-1ac31420525e', 'Team Leadership', 3, '2026-01-19 21:46:06');
INSERT IGNORE INTO `responsibility_categories` (`id`, `work_experience_id`, `name`, `sort_order`, `created_at`) VALUES ('1b7359ba-e63a-4a8d-b121-afd490ee0dcc', '8e4b355b-f41f-478a-9068-e20a59fffa9f', 'Team Leadership and Collaboration', 2, '2026-01-19 21:20:57');
INSERT IGNORE INTO `responsibility_categories` (`id`, `work_experience_id`, `name`, `sort_order`, `created_at`) VALUES ('7d6ebe9a-e11d-44ca-bf0b-0cc7f362ae5a', '8e4b355b-f41f-478a-9068-e20a59fffa9f', 'Governance and Compliance', 5, '2026-01-19 21:22:40');
INSERT IGNORE INTO `responsibility_categories` (`id`, `work_experience_id`, `name`, `sort_order`, `created_at`) VALUES ('9fa10506-d231-4924-8330-3cf2f70f966b', '8e4b355b-f41f-478a-9068-e20a59fffa9f', 'Strategic Planning and Development', 0, '2026-01-19 21:19:51');
INSERT IGNORE INTO `responsibility_categories` (`id`, `work_experience_id`, `name`, `sort_order`, `created_at`) VALUES ('b1497e59-9ed1-4b65-80e9-d1c1008d9e4b', '8e4b355b-f41f-478a-9068-e20a59fffa9f', 'Change Management and Training', 4, '2026-01-19 21:22:23');
INSERT IGNORE INTO `responsibility_categories` (`id`, `work_experience_id`, `name`, `sort_order`, `created_at`) VALUES ('c325640d-1537-4103-a207-9a93a063b79c', '8e4b355b-f41f-478a-9068-e20a59fffa9f', 'System Design and Management', 1, '2026-01-19 21:20:25');
INSERT IGNORE INTO `responsibility_categories` (`id`, `work_experience_id`, `name`, `sort_order`, `created_at`) VALUES ('df5685f0-5634-40ae-a32f-dbbbe34b8218', '8e4b355b-f41f-478a-9068-e20a59fffa9f', 'User Experience and Accessibility', 6, '2026-01-19 21:22:55');
INSERT IGNORE INTO `responsibility_categories` (`id`, `work_experience_id`, `name`, `sort_order`, `created_at`) VALUES ('f2f7631e-b49b-4324-ab79-ae5648a9169d', '8e4b355b-f41f-478a-9068-e20a59fffa9f', 'Project Management', 3, '2026-01-19 21:21:59');
INSERT IGNORE INTO `responsibility_categories` (`id`, `work_experience_id`, `name`, `sort_order`, `created_at`) VALUES ('3bd75e69-217f-471f-a5ab-dc88d23055fb', 'bb533265-0f8d-44d7-938a-ef41b598f756', 'SEO and Analytics', 3, '2026-01-19 22:00:28');
INSERT IGNORE INTO `responsibility_categories` (`id`, `work_experience_id`, `name`, `sort_order`, `created_at`) VALUES ('83a4a0ae-33f3-490a-ba9d-9cc26ad179cd', 'bb533265-0f8d-44d7-938a-ef41b598f756', 'Staff Training and Support', 1, '2026-01-19 21:59:43');
INSERT IGNORE INTO `responsibility_categories` (`id`, `work_experience_id`, `name`, `sort_order`, `created_at`) VALUES ('c2e43290-f4fd-446c-b0c0-787d84d88481', 'bb533265-0f8d-44d7-938a-ef41b598f756', 'Website Development &amp; Delivery', 0, '2026-01-19 21:59:22');
INSERT IGNORE INTO `responsibility_categories` (`id`, `work_experience_id`, `name`, `sort_order`, `created_at`) VALUES ('d7d84985-68a2-4752-8046-2319bdde8b8c', 'bb533265-0f8d-44d7-938a-ef41b598f756', 'Digital Strategy and Consultancy', 2, '2026-01-19 22:00:04');
INSERT IGNORE INTO `responsibility_categories` (`id`, `work_experience_id`, `name`, `sort_order`, `created_at`) VALUES ('1552e928-664c-4077-abaa-46c868876c5a', 'cf13699b-4fba-48df-8605-88350f2a8d63', 'Training and Capacity Building', 4, '2026-01-19 22:06:30');
INSERT IGNORE INTO `responsibility_categories` (`id`, `work_experience_id`, `name`, `sort_order`, `created_at`) VALUES ('3e5450c0-432e-4011-8fe0-39d8b9b538f4', 'cf13699b-4fba-48df-8605-88350f2a8d63', 'Digital Transformation', 7, '2026-01-19 22:07:10');
INSERT IGNORE INTO `responsibility_categories` (`id`, `work_experience_id`, `name`, `sort_order`, `created_at`) VALUES ('405bee5c-2c19-4c61-ad8f-de5dffeb00d8', 'cf13699b-4fba-48df-8605-88350f2a8d63', 'Policy Influence', 3, '2026-01-19 22:06:17');
INSERT IGNORE INTO `responsibility_categories` (`id`, `work_experience_id`, `name`, `sort_order`, `created_at`) VALUES ('68d4de51-891b-4e57-ace1-aaab13f8b870', 'cf13699b-4fba-48df-8605-88350f2a8d63', 'Event Organisation and Knowledge Sharing', 5, '2026-01-19 22:06:44');
INSERT IGNORE INTO `responsibility_categories` (`id`, `work_experience_id`, `name`, `sort_order`, `created_at`) VALUES ('7732d241-34e1-4e4f-b499-2ab63152ad90', 'cf13699b-4fba-48df-8605-88350f2a8d63', 'Change Management', 6, '2026-01-19 22:07:00');
INSERT IGNORE INTO `responsibility_categories` (`id`, `work_experience_id`, `name`, `sort_order`, `created_at`) VALUES ('9690c79a-e53d-40f5-919a-7d926096c847', 'cf13699b-4fba-48df-8605-88350f2a8d63', 'Leadership and Mentorship', 8, '2026-01-19 22:07:21');
INSERT IGNORE INTO `responsibility_categories` (`id`, `work_experience_id`, `name`, `sort_order`, `created_at`) VALUES ('993472df-cbc8-463c-b253-fcd3a1f8242b', 'cf13699b-4fba-48df-8605-88350f2a8d63', 'Public Engagement', 9, '2026-01-19 22:07:39');
INSERT IGNORE INTO `responsibility_categories` (`id`, `work_experience_id`, `name`, `sort_order`, `created_at`) VALUES ('cb496f57-b524-4334-afab-2327bdbbab83', 'cf13699b-4fba-48df-8605-88350f2a8d63', 'Evaluation and Research', 0, '2026-01-19 22:02:56');
INSERT IGNORE INTO `responsibility_categories` (`id`, `work_experience_id`, `name`, `sort_order`, `created_at`) VALUES ('f00785e8-100a-4458-8b40-5e76890074a5', 'cf13699b-4fba-48df-8605-88350f2a8d63', 'Tool Development and Deployment', 2, '2026-01-19 22:06:05');
INSERT IGNORE INTO `responsibility_categories` (`id`, `work_experience_id`, `name`, `sort_order`, `created_at`) VALUES ('fb414090-b888-4cdf-8426-a4a0d7acf02a', 'cf13699b-4fba-48df-8605-88350f2a8d63', 'Stakeholder Engagement', 1, '2026-01-19 22:05:52');
INSERT IGNORE INTO `responsibility_categories` (`id`, `work_experience_id`, `name`, `sort_order`, `created_at`) VALUES ('4a48e892-3818-4a1f-9ea2-dd31bdd4b671', 'eba7b7f6-0a48-4654-846b-4c64d6746cfe', 'Infrastructure Modernisation', 2, '2026-01-19 21:57:16');
INSERT IGNORE INTO `responsibility_categories` (`id`, `work_experience_id`, `name`, `sort_order`, `created_at`) VALUES ('7376f6b6-7e2d-4f0b-ac28-cad84b7392b8', 'eba7b7f6-0a48-4654-846b-4c64d6746cfe', 'Change Management', 4, '2026-01-19 21:57:46');
INSERT IGNORE INTO `responsibility_categories` (`id`, `work_experience_id`, `name`, `sort_order`, `created_at`) VALUES ('7e1b9ea1-13df-4d8c-a08e-e542eb4d7740', 'eba7b7f6-0a48-4654-846b-4c64d6746cfe', 'Strategic Planning and Implementation', 0, '2026-01-19 21:56:44');
INSERT IGNORE INTO `responsibility_categories` (`id`, `work_experience_id`, `name`, `sort_order`, `created_at`) VALUES ('9b991b32-2114-4cee-bd3a-ed84508e86e7', 'eba7b7f6-0a48-4654-846b-4c64d6746cfe', 'Content Development and Delivery', 3, '2026-01-19 21:57:33');
INSERT IGNORE INTO `responsibility_categories` (`id`, `work_experience_id`, `name`, `sort_order`, `created_at`) VALUES ('a2e07a26-4a34-4cfb-a108-dd80b05c30de', 'eba7b7f6-0a48-4654-846b-4c64d6746cfe', 'System Selection and Deployment', 1, '2026-01-19 21:57:01');
INSERT IGNORE INTO `responsibility_categories` (`id`, `work_experience_id`, `name`, `sort_order`, `created_at`) VALUES ('a8bdc460-0b54-43cf-9ae1-e8b0100cc21b', 'eba7b7f6-0a48-4654-846b-4c64d6746cfe', 'Compliance and Security', 5, '2026-01-19 21:57:59');
INSERT IGNORE INTO `responsibility_categories` (`id`, `work_experience_id`, `name`, `sort_order`, `created_at`) VALUES ('e878a3f2-29ce-40e3-b7fe-4333a9905c7f', 'eba7b7f6-0a48-4654-846b-4c64d6746cfe', 'Monitoring and Analytics', 6, '2026-01-19 21:58:13');

-- =====================================================
-- Data for table: responsibility_items (category_id)
-- Records: 43
-- =====================================================

INSERT IGNORE INTO `responsibility_items` (`id`, `category_id`, `content`, `sort_order`, `created_at`) VALUES ('6840ef78-5299-47f2-b7c4-c276d886d747', '303ada96-c7ad-4748-bfa6-cdddb8fda00e', 'Ensured all digital systems adhered to data protection laws such as GDPR, and implemented robust security protocols to safeguard organisational and user data.', 0, '2026-01-19 21:46:42');
INSERT IGNORE INTO `responsibility_items` (`id`, `category_id`, `content`, `sort_order`, `created_at`) VALUES ('8687688d-91a7-45dc-a078-3b46528e1982', '5775e7b9-96b7-4379-afd9-624e2a2a7b64', 'Championed user-centered design principles, ensuring all digital solutions were intuitive, user- friendly, and compliant with WCAG accessibility standards.', 0, '2026-01-19 21:46:31');
INSERT IGNORE INTO `responsibility_items` (`id`, `category_id`, `content`, `sort_order`, `created_at`) VALUES ('f2471f7f-8198-4362-b45c-385642266617', '85db138e-b9d5-487a-9e49-de7168072420', 'Developed and executed digital strategies aligned with the organisation’s goals, identifying and implementing emerging technologies to drive innovation and improve operational efficiency.', 0, '2026-01-19 21:45:24');
INSERT IGNORE INTO `responsibility_items` (`id`, `category_id`, `content`, `sort_order`, `created_at`) VALUES ('3e5394ef-87f0-4e60-a953-18b554ce13ba', '8beca35a-23e9-4e0e-8f78-c81948cd7b0a', 'Directed the design, development, and deployment of scalable and secure digital systems, ensuring seamless integration with existing infrastructure and compliance with organisational standards.', 0, '2026-01-19 21:45:59');
INSERT IGNORE INTO `responsibility_items` (`id`, `category_id`, `content`, `sort_order`, `created_at`) VALUES ('78a6431a-7fe7-4223-8e8b-6fe082df68d1', 'bb01bbe4-6ea3-4273-80f0-1efa749da194', 'Monitored system performance and analysed user feedback to identify opportunities for improvement, implementing changes to optimise usability and functionality.', 0, '2026-01-19 21:46:57');
INSERT IGNORE INTO `responsibility_items` (`id`, `category_id`, `content`, `sort_order`, `created_at`) VALUES ('8cc7875f-c869-49e3-ac0a-664f6af4ee1e', 'cc082d8b-9850-4ac1-ac00-e5037d91d355', 'Managed the full lifecycle of digital projects, from requirements gathering to deployment, ensuring they were delivered on time, within budget, and met stakeholder expectations.', 0, '2026-01-19 21:45:44');
INSERT IGNORE INTO `responsibility_items` (`id`, `category_id`, `content`, `sort_order`, `created_at`) VALUES ('78552fc0-cb8c-4096-afb5-d1243718fcea', 'cdd76f29-9c33-423d-b760-4fc9735f05b2', 'Led a multidisciplinary team of developers, designers, and digital specialists, fostering a collaborative culture and providing mentorship to enhance skills and performance.', 0, '2026-01-19 21:46:13');
INSERT IGNORE INTO `responsibility_items` (`id`, `category_id`, `content`, `sort_order`, `created_at`) VALUES ('0c62863a-3950-4a41-8bd2-c1a60b0631a6', '1b7359ba-e63a-4a8d-b121-afd490ee0dcc', 'Cross-Department Collaboration : Working closely with departments like HR, Finance, IT, and Operations to ensure digital solutions meet their needs.', 1, '2026-01-19 21:21:47');
INSERT IGNORE INTO `responsibility_items` (`id`, `category_id`, `content`, `sort_order`, `created_at`) VALUES ('77b01dca-cf56-470d-9929-0d66a7aca048', '1b7359ba-e63a-4a8d-b121-afd490ee0dcc', 'Team Management : Leading a team of developers, engineers, and digital specialists, providing guidance, mentorship, and performance feedback.', 0, '2026-01-19 21:21:09');
INSERT IGNORE INTO `responsibility_items` (`id`, `category_id`, `content`, `sort_order`, `created_at`) VALUES ('b861f9b3-5bb1-47f5-85d1-044db7934078', '7d6ebe9a-e11d-44ca-bf0b-0cc7f362ae5a', 'Policy Adherence : Ensuring all systems comply with legal, regulatory, and organisational standards, such as GDPR or ISO certifications.', 0, '2026-01-19 21:22:48');
INSERT IGNORE INTO `responsibility_items` (`id`, `category_id`, `content`, `sort_order`, `created_at`) VALUES ('4b511f0f-d280-4fc4-a942-ec180c081b1c', '9fa10506-d231-4924-8330-3cf2f70f966b', 'Future-Proofing : Researching and recommending emerging technologies to maintain competitive advantage.', 2, '2026-01-19 21:20:17');
INSERT IGNORE INTO `responsibility_items` (`id`, `category_id`, `content`, `sort_order`, `created_at`) VALUES ('d90d9fba-3ed5-472e-86f9-83d0173db5c2', '9fa10506-d231-4924-8330-3cf2f70f966b', 'Assessing Needs : Collaborating with stakeholders to understand business challenges and opportunities where technology can drive improvement.', 0, '2026-01-19 21:20:02');
INSERT IGNORE INTO `responsibility_items` (`id`, `category_id`, `content`, `sort_order`, `created_at`) VALUES ('d979a335-64f9-42c8-8466-e02c89ba313e', '9fa10506-d231-4924-8330-3cf2f70f966b', 'Digital Strategy : Developing and implementing a vision for the organisation’s digital transformation, ensuring alignment with organisational objectives.', 1, '2026-01-19 21:20:14');
INSERT IGNORE INTO `responsibility_items` (`id`, `category_id`, `content`, `sort_order`, `created_at`) VALUES ('ca16af04-d1eb-4edd-a918-da997b0f9412', 'b1497e59-9ed1-4b65-80e9-d1c1008d9e4b', 'Driving Adoption : Promoting user adoption of new systems and processes, ensuring smooth transitions.', 0, '2026-01-19 21:22:33');
INSERT IGNORE INTO `responsibility_items` (`id`, `category_id`, `content`, `sort_order`, `created_at`) VALUES ('627b7e93-ebd1-4350-859e-df1aff58fd9c', 'c325640d-1537-4103-a207-9a93a063b79c', 'Integration : Ensuring seamless integration of various digital systems, platforms, and tools.', 1, '2026-01-19 21:21:31');
INSERT IGNORE INTO `responsibility_items` (`id`, `category_id`, `content`, `sort_order`, `created_at`) VALUES ('8c0e4e57-2c03-4baa-aaf0-046477a725c7', 'c325640d-1537-4103-a207-9a93a063b79c', 'System Architecture : Designing and overseeing the development of robust, scalable systems that meet current and future needs.', 0, '2026-01-19 21:20:36');
INSERT IGNORE INTO `responsibility_items` (`id`, `category_id`, `content`, `sort_order`, `created_at`) VALUES ('351949e6-32b5-473d-b09e-24f366e1266b', 'df5685f0-5634-40ae-a32f-dbbbe34b8218', 'Accessibility Compliance : Implementing processes to evaluate and improve accessibility across all platforms, ensuring compliance with legal and regulatory standards.', 1, '2026-01-19 21:23:10');
INSERT IGNORE INTO `responsibility_items` (`id`, `category_id`, `content`, `sort_order`, `created_at`) VALUES ('e845854e-c1c5-4e7d-be44-58e212c20742', 'df5685f0-5634-40ae-a32f-dbbbe34b8218', 'User-Centered Development : Collaborating with designers, developers, and stakeholders to prioritise usability, simplicity, and inclusivity in system architecture and features.', 0, '2026-01-19 21:23:02');
INSERT IGNORE INTO `responsibility_items` (`id`, `category_id`, `content`, `sort_order`, `created_at`) VALUES ('26c15945-f987-4b7d-9a95-e6d026848a93', 'f2f7631e-b49b-4324-ab79-ae5648a9169d', 'Stakeholder Communication : Keeping stakeholders informed on progress, challenges, and outcomes.', 1, '2026-01-19 21:22:15');
INSERT IGNORE INTO `responsibility_items` (`id`, `category_id`, `content`, `sort_order`, `created_at`) VALUES ('2a6357f5-90aa-4dee-a80d-3e99582ffa28', 'f2f7631e-b49b-4324-ab79-ae5648a9169d', 'Project Delivery : Overseeing the full lifecycle of digital projects, from initial concept to deployment, ensuring they are delivered on time and within budget.', 0, '2026-01-19 21:22:13');
INSERT IGNORE INTO `responsibility_items` (`id`, `category_id`, `content`, `sort_order`, `created_at`) VALUES ('3ecca13a-c981-44b7-9372-7948361d40a5', '83a4a0ae-33f3-490a-ba9d-9cc26ad179cd', 'Delivered training and documentation to help staff independently update and maintain the website.', 0, '2026-01-19 21:59:49');
INSERT IGNORE INTO `responsibility_items` (`id`, `category_id`, `content`, `sort_order`, `created_at`) VALUES ('abd2a436-ab54-4469-a9b8-e5c8710fa7ac', '83a4a0ae-33f3-490a-ba9d-9cc26ad179cd', 'Provided ongoing support and troubleshooting to maintain confidence in using digital tools.', 1, '2026-01-19 21:59:56');
INSERT IGNORE INTO `responsibility_items` (`id`, `category_id`, `content`, `sort_order`, `created_at`) VALUES ('c9e84a4a-a266-4d53-8806-ec5e0227dfda', 'c2e43290-f4fd-446c-b0c0-787d84d88481', 'Ensured mobile responsiveness, clear navigation, and integration of key services and content.', 1, '2026-01-19 21:59:35');
INSERT IGNORE INTO `responsibility_items` (`id`, `category_id`, `content`, `sort_order`, `created_at`) VALUES ('f0aa6a10-a17c-4913-8d41-90afc8693dd4', 'c2e43290-f4fd-446c-b0c0-787d84d88481', 'Designed and built a modern, accessible, and easy-to-manage website tailored to the needs of a mental health service provider.', 0, '2026-01-19 21:59:28');
INSERT IGNORE INTO `responsibility_items` (`id`, `category_id`, `content`, `sort_order`, `created_at`) VALUES ('2a99d2b9-8d34-4ba6-9260-72741baa206b', 'd7d84985-68a2-4752-8046-2319bdde8b8c', 'Offered guidance on how best to use digital tools for outreach, operations, and service delivery.', 1, '2026-01-19 22:00:19');
INSERT IGNORE INTO `responsibility_items` (`id`, `category_id`, `content`, `sort_order`, `created_at`) VALUES ('8a302799-83c7-4aaf-b20d-82c79fce82b6', 'd7d84985-68a2-4752-8046-2319bdde8b8c', 'Worked with the senior management team to align digital initiatives with strategic goals.', 0, '2026-01-19 22:00:13');
INSERT IGNORE INTO `responsibility_items` (`id`, `category_id`, `content`, `sort_order`, `created_at`) VALUES ('4346b941-df13-491c-b2b4-3ca36e24c86d', '1552e928-664c-4077-abaa-46c868876c5a', 'Delivered training programs, including Ten Essential Shared Capabilities and Leading Better Care, training over 100 Charge Nurses and supporting ongoing National professional development.', 0, '2026-01-19 22:06:38');
INSERT IGNORE INTO `responsibility_items` (`id`, `category_id`, `content`, `sort_order`, `created_at`) VALUES ('a9376078-f3a8-48cc-b02e-550f18bf352c', '3e5450c0-432e-4011-8fe0-39d8b9b538f4', 'Leveraged web-based technologies to modernise service delivery, create efficiencies, and deliver innovative solutions under budget', 0, '2026-01-19 22:07:16');
INSERT IGNORE INTO `responsibility_items` (`id`, `category_id`, `content`, `sort_order`, `created_at`) VALUES ('4c799543-88dc-4fed-9577-71fa507a7d3e', '405bee5c-2c19-4c61-ad8f-de5dffeb00d8', 'Represented the organisation in high-profile steering groups and policy forums, influencing the national mental health recovery agenda and contributing to strategic planning and implementation.', 0, '2026-01-19 22:06:23');
INSERT IGNORE INTO `responsibility_items` (`id`, `category_id`, `content`, `sort_order`, `created_at`) VALUES ('69508617-76ce-405f-9654-f6bfce5a53a6', '68d4de51-891b-4e57-ace1-aaab13f8b870', 'Organised national events, meetings, and forums to share insights and best practices among teams using the SRI tool, fostering a community of learning and collaboration.', 0, '2026-01-19 22:06:54');
INSERT IGNORE INTO `responsibility_items` (`id`, `category_id`, `content`, `sort_order`, `created_at`) VALUES ('adcd5d1c-f85c-4ae5-ae6a-e92a138c4313', '7732d241-34e1-4e4f-b499-2ab63152ad90', 'Implemented change strategies to facilitate the adoption of recovery-focused practices, supporting staff and organisations in navigating transitions effectively.', 0, '2026-01-19 22:07:05');
INSERT IGNORE INTO `responsibility_items` (`id`, `category_id`, `content`, `sort_order`, `created_at`) VALUES ('0c9e5bb4-aa61-4a81-aaaf-649fd1d4404f', '9690c79a-e53d-40f5-919a-7d926096c847', 'Supervised and mentored national development leads within the NHS, driving the adoption of recovery-focused practices and providing strategic leadership.', 0, '2026-01-19 22:07:29');
INSERT IGNORE INTO `responsibility_items` (`id`, `category_id`, `content`, `sort_order`, `created_at`) VALUES ('c351d756-60ca-4b75-8f8c-a754afb0aebd', '993472df-cbc8-463c-b253-fcd3a1f8242b', 'Delivered impactful keynote speeches and authored articles to raise awareness of recovery-focused services and stimulate national discussions on mental health.', 0, '2026-01-19 22:07:45');
INSERT IGNORE INTO `responsibility_items` (`id`, `category_id`, `content`, `sort_order`, `created_at`) VALUES ('c2a7e5e9-7bc1-41c3-a95b-c09cab21125f', 'cb496f57-b524-4334-afab-2327bdbbab83', 'Authored evaluation reports and collaborated with academics to measure the impact of SRI and related initiatives, leveraging findings to refine tools and influence practice.', 0, '2026-01-19 22:05:22');
INSERT IGNORE INTO `responsibility_items` (`id`, `category_id`, `content`, `sort_order`, `created_at`) VALUES ('1d99345a-f20a-4311-a9dd-ad0972a9f38e', 'f00785e8-100a-4458-8b40-5e76890074a5', 'Designed and implemented the Scottish Recovery Indicator (SRI), a practice development tool used nationally to assess and enhance recovery-focuse health services.', 0, '2026-01-19 22:06:11');
INSERT IGNORE INTO `responsibility_items` (`id`, `category_id`, `content`, `sort_order`, `created_at`) VALUES ('5f9d3c36-dd5c-44eb-afeb-1cf43684bc79', 'fb414090-b888-4cdf-8426-a4a0d7acf02a', 'Collaborated with key stakeholders, including NHS Boards, Scottish Government, and third-sector organisations, to align local and national strategies with SRI objectives.', 0, '2026-01-19 22:06:00');
INSERT IGNORE INTO `responsibility_items` (`id`, `category_id`, `content`, `sort_order`, `created_at`) VALUES ('239edbce-490d-4c04-a1a1-dbe6dcb556f6', '4a48e892-3818-4a1f-9ea2-dd31bdd4b671', 'Collaborated with IT teams to enable secure, remote access to the e-learning system, overcoming limitations of the existing thin-client network.', 0, '2026-01-19 21:57:24');
INSERT IGNORE INTO `responsibility_items` (`id`, `category_id`, `content`, `sort_order`, `created_at`) VALUES ('bd66680b-17e1-4f69-aa27-f441f77a4eaa', '7376f6b6-7e2d-4f0b-ac28-cad84b7392b8', 'Developed and executed a change management plan to ensure smooth adoption of the new e- learning platform, including staff communication, training, and ongoing support.', 0, '2026-01-19 21:57:53');
INSERT IGNORE INTO `responsibility_items` (`id`, `category_id`, `content`, `sort_order`, `created_at`) VALUES ('031ea4ec-fdcc-454f-ac16-0a3cdbe83cc4', '7e1b9ea1-13df-4d8c-a08e-e542eb4d7740', 'Designed and executed a strategy to integrate e-learning into the organisation, addressing infrastructure limitations and aligning the platform with organisational training objectives.', 0, '2026-01-19 21:56:51');
INSERT IGNORE INTO `responsibility_items` (`id`, `category_id`, `content`, `sort_order`, `created_at`) VALUES ('c77fc65b-dfa4-4970-a5d7-f43fc71235e3', '9b991b32-2114-4cee-bd3a-ed84508e86e7', 'Led the creation and curation of engaging e-learning content tailored to organisational needs, ensuring materials were relevant, user-friendly, and aligned with learning outcomes.', 0, '2026-01-19 21:57:39');
INSERT IGNORE INTO `responsibility_items` (`id`, `category_id`, `content`, `sort_order`, `created_at`) VALUES ('489deba7-32ea-4346-b2c3-0fd7e26a4a62', 'a2e07a26-4a34-4cfb-a108-dd80b05c30de', 'Evaluated, selected, and deployed a web-based e-learning system that provided secure access for staff outside the firewall-protected environment, ensuring compatibility with existing IT infrastructure.', 0, '2026-01-19 21:57:09');
INSERT IGNORE INTO `responsibility_items` (`id`, `category_id`, `content`, `sort_order`, `created_at`) VALUES ('2cc0b4c9-7419-4b93-8828-d090a723a05b', 'a8bdc460-0b54-43cf-9ae1-e8b0100cc21b', 'Ensured the e-learning platform adhered to organisational and industry standards for data security and privacy, meeting compliance requirements.', 0, '2026-01-19 21:58:07');
INSERT IGNORE INTO `responsibility_items` (`id`, `category_id`, `content`, `sort_order`, `created_at`) VALUES ('bf284ecc-42f9-47e9-897b-e725a758e2b2', 'e878a3f2-29ce-40e3-b7fe-4333a9905c7f', 'Established metrics to measure engagement, completion rates, and learning outcomes, leveraging insights to refine content and improve user experience.', 0, '2026-01-19 21:58:20');

-- =====================================================
-- Data for table: education (profile_id)
-- Records: 1
-- =====================================================

INSERT IGNORE INTO `education` (`id`, `profile_id`, `institution`, `degree`, `field_of_study`, `start_date`, `end_date`, `created_at`, `updated_at`) VALUES ('715fa577-467b-4143-8aed-a564e57ec623', '86124243-4852-4151-9d2c-adc7d2c53ada', 'HMS Sultan', 'HND', 'Marinee Engineering', '1989-01-01', '1991-06-01', '2026-01-19 22:26:26', '2026-01-19 22:32:53');

-- =====================================================
-- Data for table: projects (profile_id)
-- Records: 10
-- =====================================================

INSERT IGNORE INTO `projects` (`id`, `profile_id`, `title`, `description`, `start_date`, `end_date`, `url`, `image_url`, `created_at`, `updated_at`, `image_path`, `image_responsive`) VALUES ('00809fca-6d3e-46ef-bd17-7b88e70b035d', '86124243-4852-4151-9d2c-adc7d2c53ada', 'Organisation Playbook', 'The Organisation Playbook is a guide I\'m creating to structuring an organisation around people and their needs, rather than rigid systems. It aims to create intuitive, efficient workflows where staff do not require extensive training to navigate digital systems. Instead, information and processes are designed to be natural and accessible.', '2025-01-01', NULL, 'https://wellis321.github.io/org-playbook/', 'http://localhost:8000/storage/projects/86124243-4852-4151-9d2c-adc7d2c53ada/1768864147_ef94ef547e59d1e5.png', '2026-01-19 23:09:07', '2026-01-19 23:09:07', 'projects/86124243-4852-4151-9d2c-adc7d2c53ada/1768864147_ef94ef547e59d1e5.png', '{"large": {"path": "projects/86124243-4852-4151-9d2c-adc7d2c53ada/1768864147_ef94ef547e59d1e5_large.png", "width": 1200, "height": 1200}, "small": {"path": "projects/86124243-4852-4151-9d2c-adc7d2c53ada/1768864147_ef94ef547e59d1e5_small.png", "width": 400, "height": 400}, "thumb": {"path": "projects/86124243-4852-4151-9d2c-adc7d2c53ada/1768864147_ef94ef547e59d1e5_thumb.png", "width": 150, "height": 150}, "medium": {"path": "projects/86124243-4852-4151-9d2c-adc7d2c53ada/1768864147_ef94ef547e59d1e5_medium.png", "width": 800, "height": 800}}');
INSERT IGNORE INTO `projects` (`id`, `profile_id`, `title`, `description`, `start_date`, `end_date`, `url`, `image_url`, `created_at`, `updated_at`, `image_path`, `image_responsive`) VALUES ('00f17e1e-cf84-4c3a-8801-3989ddd6818b', '86124243-4852-4151-9d2c-adc7d2c53ada', 'Scottish Digital Age Verification System', 'The National Age Verification system provides a secure, privacy-focused way to verify age and identity using QR codes. This system supports various verification needs for businesses, citizens, and document verification.', '2025-01-01', NULL, 'https://wellis321.github.io/national-age/', 'http://localhost:8000/storage/projects/86124243-4852-4151-9d2c-adc7d2c53ada/1768864096_9b1cbf4ac041e7dc.png', '2026-01-19 23:08:16', '2026-01-19 23:08:16', 'projects/86124243-4852-4151-9d2c-adc7d2c53ada/1768864096_9b1cbf4ac041e7dc.png', '{"large": {"path": "projects/86124243-4852-4151-9d2c-adc7d2c53ada/1768864096_9b1cbf4ac041e7dc_large.png", "width": 1200, "height": 1200}, "small": {"path": "projects/86124243-4852-4151-9d2c-adc7d2c53ada/1768864096_9b1cbf4ac041e7dc_small.png", "width": 400, "height": 400}, "thumb": {"path": "projects/86124243-4852-4151-9d2c-adc7d2c53ada/1768864096_9b1cbf4ac041e7dc_thumb.png", "width": 150, "height": 150}, "medium": {"path": "projects/86124243-4852-4151-9d2c-adc7d2c53ada/1768864096_9b1cbf4ac041e7dc_medium.png", "width": 800, "height": 800}}');
INSERT IGNORE INTO `projects` (`id`, `profile_id`, `title`, `description`, `start_date`, `end_date`, `url`, `image_url`, `created_at`, `updated_at`, `image_path`, `image_responsive`) VALUES ('20c8716d-9e22-44f7-bb31-ab577bc4421e', '86124243-4852-4151-9d2c-adc7d2c53ada', 'Digital IDs', 'Secure, verifiable employee identification designed for organisations where trust is critical. Replace paper-based ID cards with modern, secure technology that protects your staff and people that use your service. Integrate with Microsoft 365 for seamless single sign-on and automatic user management.', '2025-12-01', NULL, 'https://lightslategrey-weasel-963972.hostingersite.com/', 'http://localhost:8000/storage/projects/86124243-4852-4151-9d2c-adc7d2c53ada/1768862583_24cecc912ff8e3db.png', '2026-01-19 22:43:03', '2026-01-19 22:43:03', 'projects/86124243-4852-4151-9d2c-adc7d2c53ada/1768862583_24cecc912ff8e3db.png', '{"large": {"path": "projects/86124243-4852-4151-9d2c-adc7d2c53ada/1768862583_24cecc912ff8e3db_large.png", "width": 1200, "height": 1200}, "small": {"path": "projects/86124243-4852-4151-9d2c-adc7d2c53ada/1768862583_24cecc912ff8e3db_small.png", "width": 400, "height": 400}, "thumb": {"path": "projects/86124243-4852-4151-9d2c-adc7d2c53ada/1768862583_24cecc912ff8e3db_thumb.png", "width": 150, "height": 150}, "medium": {"path": "projects/86124243-4852-4151-9d2c-adc7d2c53ada/1768862583_24cecc912ff8e3db_medium.png", "width": 800, "height": 800}}');
INSERT IGNORE INTO `projects` (`id`, `profile_id`, `title`, `description`, `start_date`, `end_date`, `url`, `image_url`, `created_at`, `updated_at`, `image_path`, `image_responsive`) VALUES ('6b8de488-f172-457d-95ea-cc0ca2136944', '86124243-4852-4151-9d2c-adc7d2c53ada', 'Simple Data Cleaner', 'I\'ve built this data cleaner as organisations waste too many hours on changing details in Excel and data files to ensure they work from one system to another. This tool removes the need for staff to do this and cleans the most used inforamation types in the most secure way possible.', '2025-04-04', NULL, 'https://simple-data-cleaner.com/', 'http://localhost:8000/storage/projects/86124243-4852-4151-9d2c-adc7d2c53ada/1768863906_ba354482207da418.png', '2026-01-19 23:05:06', '2026-01-19 23:05:06', 'projects/86124243-4852-4151-9d2c-adc7d2c53ada/1768863906_ba354482207da418.png', '{"large": {"path": "projects/86124243-4852-4151-9d2c-adc7d2c53ada/1768863906_ba354482207da418_large.png", "width": 1200, "height": 1200}, "small": {"path": "projects/86124243-4852-4151-9d2c-adc7d2c53ada/1768863906_ba354482207da418_small.png", "width": 400, "height": 400}, "thumb": {"path": "projects/86124243-4852-4151-9d2c-adc7d2c53ada/1768863906_ba354482207da418_thumb.png", "width": 150, "height": 150}, "medium": {"path": "projects/86124243-4852-4151-9d2c-adc7d2c53ada/1768863906_ba354482207da418_medium.png", "width": 800, "height": 800}}');
INSERT IGNORE INTO `projects` (`id`, `profile_id`, `title`, `description`, `start_date`, `end_date`, `url`, `image_url`, `created_at`, `updated_at`, `image_path`, `image_responsive`) VALUES ('81c7baca-a1ff-4847-8c4e-8ceb7879d2b5', '86124243-4852-4151-9d2c-adc7d2c53ada', 'Job Application Management System', 'I\'ve built this Job Management System for people that are unemployed to be able to track jobs that they are interested in or have applied for. They can use it for free and pay for it when they successfully find employment. People who use the tool when employed can pay for using it.', '2025-10-01', NULL, 'https://simple-job-tracker.com/landing.php', 'http://localhost:8000/storage/projects/86124243-4852-4151-9d2c-adc7d2c53ada/1768863535_010070c077c8a43f.png', '2026-01-19 22:58:55', '2026-01-19 22:58:55', 'projects/86124243-4852-4151-9d2c-adc7d2c53ada/1768863535_010070c077c8a43f.png', '{"large": {"path": "projects/86124243-4852-4151-9d2c-adc7d2c53ada/1768863535_010070c077c8a43f_large.png", "width": 1200, "height": 1200}, "small": {"path": "projects/86124243-4852-4151-9d2c-adc7d2c53ada/1768863535_010070c077c8a43f_small.png", "width": 400, "height": 400}, "thumb": {"path": "projects/86124243-4852-4151-9d2c-adc7d2c53ada/1768863535_010070c077c8a43f_thumb.png", "width": 150, "height": 150}, "medium": {"path": "projects/86124243-4852-4151-9d2c-adc7d2c53ada/1768863535_010070c077c8a43f_medium.png", "width": 800, "height": 800}}');
INSERT IGNORE INTO `projects` (`id`, `profile_id`, `title`, `description`, `start_date`, `end_date`, `url`, `image_url`, `created_at`, `updated_at`, `image_path`, `image_responsive`) VALUES ('966f2033-8bfe-4407-96c8-a42ab6cf2bbe', '86124243-4852-4151-9d2c-adc7d2c53ada', 'Simple Strategic Plans', 'A comprehensive platform for organisations of all types to create, manage, and track their strategic plans. From charities to public sector bodies, I\'m helping these organisations turn vision into action.', '2025-12-01', NULL, 'https://rosybrown-cod-114553.hostingersite.com/', 'http://localhost:8000/storage/projects/86124243-4852-4151-9d2c-adc7d2c53ada/1768863279_0e81c2886ea28d2b.png', '2026-01-19 22:54:39', '2026-01-19 22:54:39', 'projects/86124243-4852-4151-9d2c-adc7d2c53ada/1768863279_0e81c2886ea28d2b.png', '{"large": {"path": "projects/86124243-4852-4151-9d2c-adc7d2c53ada/1768863279_0e81c2886ea28d2b_large.png", "width": 1200, "height": 1200}, "small": {"path": "projects/86124243-4852-4151-9d2c-adc7d2c53ada/1768863279_0e81c2886ea28d2b_small.png", "width": 400, "height": 400}, "thumb": {"path": "projects/86124243-4852-4151-9d2c-adc7d2c53ada/1768863279_0e81c2886ea28d2b_thumb.png", "width": 150, "height": 150}, "medium": {"path": "projects/86124243-4852-4151-9d2c-adc7d2c53ada/1768863279_0e81c2886ea28d2b_medium.png", "width": 800, "height": 800}}');
INSERT IGNORE INTO `projects` (`id`, `profile_id`, `title`, `description`, `start_date`, `end_date`, `url`, `image_url`, `created_at`, `updated_at`, `image_path`, `image_responsive`) VALUES ('a555d033-2886-477e-a034-7c505f78e511', '86124243-4852-4151-9d2c-adc7d2c53ada', 'CV Builder', 'I\'ve created this CV builder so that people can easily build their own online and PDf CV while tracking the jobs they\'re applying for with the optional assistance of AI.', '2025-02-02', NULL, 'https://lightcoral-raccoon-941077.hostingersite.com', 'http://localhost:8000/storage/projects/86124243-4852-4151-9d2c-adc7d2c53ada/1768864320_123395c852cd18a9.png', '2026-01-19 23:12:00', '2026-01-19 23:12:00', 'projects/86124243-4852-4151-9d2c-adc7d2c53ada/1768864320_123395c852cd18a9.png', '{"large": {"path": "projects/86124243-4852-4151-9d2c-adc7d2c53ada/1768864320_123395c852cd18a9_large.png", "width": 1200, "height": 1200}, "small": {"path": "projects/86124243-4852-4151-9d2c-adc7d2c53ada/1768864320_123395c852cd18a9_small.png", "width": 400, "height": 400}, "thumb": {"path": "projects/86124243-4852-4151-9d2c-adc7d2c53ada/1768864320_123395c852cd18a9_thumb.png", "width": 150, "height": 150}, "medium": {"path": "projects/86124243-4852-4151-9d2c-adc7d2c53ada/1768864320_123395c852cd18a9_medium.png", "width": 800, "height": 800}}');
INSERT IGNORE INTO `projects` (`id`, `profile_id`, `title`, `description`, `start_date`, `end_date`, `url`, `image_url`, `created_at`, `updated_at`, `image_path`, `image_responsive`) VALUES ('a7b73155-9114-4211-8c85-9a4fe38c8b48', '86124243-4852-4151-9d2c-adc7d2c53ada', 'Engagetrack', 'A powerful behaviour tracking app I\'ve designed and built for Positive Behavior Support (PBS) teams, educators, therapists, and behaviour analysts to capture real-time interval-based observations with precision gathering data-driven insights.', '2025-12-01', NULL, 'https://lavenderblush-hummingbird-585670.hostingersite.com/dashboard', 'http://localhost:8000/storage/projects/86124243-4852-4151-9d2c-adc7d2c53ada/1768863382_2cffb83e628f9bd3.png', '2026-01-19 22:56:22', '2026-01-19 22:56:22', 'projects/86124243-4852-4151-9d2c-adc7d2c53ada/1768863382_2cffb83e628f9bd3.png', '{"large": {"path": "projects/86124243-4852-4151-9d2c-adc7d2c53ada/1768863382_2cffb83e628f9bd3_large.png", "width": 1200, "height": 1200}, "small": {"path": "projects/86124243-4852-4151-9d2c-adc7d2c53ada/1768863382_2cffb83e628f9bd3_small.png", "width": 400, "height": 400}, "thumb": {"path": "projects/86124243-4852-4151-9d2c-adc7d2c53ada/1768863382_2cffb83e628f9bd3_thumb.png", "width": 150, "height": 150}, "medium": {"path": "projects/86124243-4852-4151-9d2c-adc7d2c53ada/1768863382_2cffb83e628f9bd3_medium.png", "width": 800, "height": 800}}');
INSERT IGNORE INTO `projects` (`id`, `profile_id`, `title`, `description`, `start_date`, `end_date`, `url`, `image_url`, `created_at`, `updated_at`, `image_path`, `image_responsive`) VALUES ('c0bb2f66-6043-4a74-9c38-15618a1098b1', '86124243-4852-4151-9d2c-adc7d2c53ada', 'Policy Management System', 'I\'ve created this resource to standardise organisational policy creation. Using this tool policies can have strict version control with access limited to role permissions reflecting the organisational requirements. Policies are easy to read and follow modern A11y principles and guidelines. They are easy to create, edit and manage and integrate fully with the rest of the organisational digital architecture.', '2024-02-02', NULL, 'https://policy-app-khaki.vercel.app/', 'http://localhost:8000/storage/projects/86124243-4852-4151-9d2c-adc7d2c53ada/1768864039_e8475fb292484109.png', '2026-01-19 23:07:19', '2026-01-19 23:07:19', 'projects/86124243-4852-4151-9d2c-adc7d2c53ada/1768864039_e8475fb292484109.png', '{"large": {"path": "projects/86124243-4852-4151-9d2c-adc7d2c53ada/1768864039_e8475fb292484109_large.png", "width": 1200, "height": 1200}, "small": {"path": "projects/86124243-4852-4151-9d2c-adc7d2c53ada/1768864039_e8475fb292484109_small.png", "width": 400, "height": 400}, "thumb": {"path": "projects/86124243-4852-4151-9d2c-adc7d2c53ada/1768864039_e8475fb292484109_thumb.png", "width": 150, "height": 150}, "medium": {"path": "projects/86124243-4852-4151-9d2c-adc7d2c53ada/1768864039_e8475fb292484109_medium.png", "width": 800, "height": 800}}');
INSERT IGNORE INTO `projects` (`id`, `profile_id`, `title`, `description`, `start_date`, `end_date`, `url`, `image_url`, `created_at`, `updated_at`, `image_path`, `image_responsive`) VALUES ('e8aaa493-12fb-4647-99c4-1bf41d76a0ae', '86124243-4852-4151-9d2c-adc7d2c53ada', 'Social Care Contracts Management', 'A comprehensive platform for social care providers in Scotland I\'ve created for them to manage contracts, track procurement processes, monitor rates, and stay informed about the latest developments in social care commissioning and funding.', '2025-12-01', NULL, 'https://whitesmoke-ostrich-519588.hostingersite.com/public/', 'http://localhost:8000/storage/projects/86124243-4852-4151-9d2c-adc7d2c53ada/1768863444_132baf50f99df5e8.png', '2026-01-19 22:57:24', '2026-01-19 22:57:24', 'projects/86124243-4852-4151-9d2c-adc7d2c53ada/1768863444_132baf50f99df5e8.png', '{"large": {"path": "projects/86124243-4852-4151-9d2c-adc7d2c53ada/1768863444_132baf50f99df5e8_large.png", "width": 1200, "height": 1200}, "small": {"path": "projects/86124243-4852-4151-9d2c-adc7d2c53ada/1768863444_132baf50f99df5e8_small.png", "width": 400, "height": 400}, "thumb": {"path": "projects/86124243-4852-4151-9d2c-adc7d2c53ada/1768863444_132baf50f99df5e8_thumb.png", "width": 150, "height": 150}, "medium": {"path": "projects/86124243-4852-4151-9d2c-adc7d2c53ada/1768863444_132baf50f99df5e8_medium.png", "width": 800, "height": 800}}');

-- =====================================================
-- Data for table: professional_memberships (profile_id)
-- Records: 2
-- =====================================================

INSERT IGNORE INTO `professional_memberships` (`id`, `profile_id`, `organisation`, `role`, `start_date`, `end_date`, `created_at`, `updated_at`) VALUES ('31d0c676-408d-4e98-9ba0-a9293b8672a5', '86124243-4852-4151-9d2c-adc7d2c53ada', 'Scottish AI Alliance', 'Member', '2024-03-01', NULL, '2026-01-19 23:14:32', '2026-01-19 23:14:32');
INSERT IGNORE INTO `professional_memberships` (`id`, `profile_id`, `organisation`, `role`, `start_date`, `end_date`, `created_at`, `updated_at`) VALUES ('aa9a2268-4a5a-4993-b9e8-4bb4d10ca687', '86124243-4852-4151-9d2c-adc7d2c53ada', 'CCPS Digital Board', 'Member', '2018-10-01', NULL, '2026-01-19 23:14:57', '2026-01-19 23:14:57');

-- =====================================================
-- Data for table: interests (profile_id)
-- Records: 4
-- =====================================================

INSERT IGNORE INTO `interests` (`id`, `profile_id`, `name`, `description`, `created_at`, `updated_at`) VALUES ('2be37fb1-7f38-461c-a49d-6f363abd451a', '86124243-4852-4151-9d2c-adc7d2c53ada', 'Cycling', 'I cycle everywhere. It\'s quite common for me to cycle over 200 miles in a week and I\'m quite happy cycling from Neilston to somewhere like Perth and back.', '2026-01-19 23:15:38', '2026-01-19 23:15:38');
INSERT IGNORE INTO `interests` (`id`, `profile_id`, `name`, `description`, `created_at`, `updated_at`) VALUES ('4785a3b3-ca3d-4560-8658-d6cbbc1b10e1', '86124243-4852-4151-9d2c-adc7d2c53ada', 'Swimming', 'I enjoy long distance and outdoor swimming. I regularly swim in the Clyde at distances over two miles', '2026-01-19 23:15:58', '2026-01-19 23:15:58');
INSERT IGNORE INTO `interests` (`id`, `profile_id`, `name`, `description`, `created_at`, `updated_at`) VALUES ('740d83f4-eba2-4da0-b869-b0fffe688b2f', '86124243-4852-4151-9d2c-adc7d2c53ada', 'Chess', 'I enjoy playing chess online and sometimes to International Master level.', '2026-01-19 23:15:28', '2026-01-19 23:15:28');
INSERT IGNORE INTO `interests` (`id`, `profile_id`, `name`, `description`, `created_at`, `updated_at`) VALUES ('b596f912-b4d3-440c-8e8e-5d336277ce95', '86124243-4852-4151-9d2c-adc7d2c53ada', 'Open Source', 'I\'ve been a long term member of the Open Source Community and I very much enjoy contributing and collaborating in there', '2026-01-19 23:15:47', '2026-01-19 23:15:47');

-- =====================================================
-- Data for table: professional_qualification_equivalence (profile_id)
-- Records: 1
-- =====================================================

INSERT IGNORE INTO `professional_qualification_equivalence` (`id`, `profile_id`, `level`, `description`, `created_at`, `updated_at`) VALUES ('28aa3b2a-ccb2-4ced-906d-65cc61f2c947', '86124243-4852-4151-9d2c-adc7d2c53ada', 'Masters', 'Over 25 years of leadership and project management experience in national and international contexts, combined with extensive professional development in management, leadership, and digital technology.\r\nMy expertise includes strategic planning, policy influence, and large-scale digital transformation, gained through roles requiring advanced critical thinking, problem-solving, and stakeholder engagement.', '2026-01-19 23:13:46', '2026-01-19 23:13:46');

SET FOREIGN_KEY_CHECKS=1;

-- Export complete. Total records exported: 109
